Data set,Algorithm,Preprocessing,Score,# Concepts,# Words,CUI Coverage,UMLS Coverage,Benchmark
GGPONC,word2vec,multi-term,"(0.022268492094199017, 0.12413793103448276)",4081,83160,0.049074074074074076,0.037824861898935976,HumanAssessmentRelatednessCont
GGPONC,word2vec,multi-term,"(-0.014039929160590964, 0.13416815742397137)",4081,83160,0.049074074074074076,0.037824861898935976,HumanAssessmentSimilarityCont
GGPONC,word2vec,multi-term,"(0.10901931240047699, 0.22772277227722773)",4081,83160,0.049074074074074076,0.037824861898935976,HumanAssessmentMayoSRS
GGPONC,word2vec,multi-term,"(0.16083916083916083, 0.00023836790531612249)",4081,83160,0.049074074074074076,0.037824861898935976,Causality
GGPONC,word2vec,multi-term,"(0.02512562814070352, 0.0024283632831471587)",4081,83160,0.049074074074074076,0.037824861898935976,May-(Treat/Prevent)
GGPONC,word2vec,multi-term,"(0.07853478219304674, 0.01244643538029933)",4081,83160,0.049074074074074076,0.037824861898935976,SemanticType
GGPONC,word2vec,multi-term,"(0.07403906742281033, 0.004150916734376656)",4081,83160,0.049074074074074076,0.037824861898935976,Association
GGPONC,word2vec,multi-term,0.5218801196687762,4081,83160,0.049074074074074076,0.037824861898935976,ConceptualSimilarityChoi
GGPONC,fastText,multi-term,"(0.046284216722787, 1.0)",4081,83160,0.049074074074074076,0.037824861898935976,HumanAssessmentRelatednessCont
GGPONC,fastText,multi-term,"(0.0700125079441386, 1.0)",4081,83160,0.049074074074074076,0.037824861898935976,HumanAssessmentSimilarityCont
GGPONC,fastText,multi-term,"(0.05165032431173652, 1.0)",4081,83160,0.049074074074074076,0.037824861898935976,HumanAssessmentMayoSRS
GGPONC,fastText,multi-term,"(0.36013986013986016, 0.000533736831468709)",4081,83160,0.049074074074074076,0.037824861898935976,Causality
GGPONC,fastText,multi-term,"(0.05695142378559464, 0.005504290108466894)",4081,83160,0.049074074074074076,0.037824861898935976,May-(Treat/Prevent)
GGPONC,fastText,multi-term,"(0.08820092837491901, 0.013978356148010481)",4081,83160,0.049074074074074076,0.037824861898935976,SemanticType
GGPONC,fastText,multi-term,"(0.0573408947700063, 0.003214752534708729)",4081,83160,0.049074074074074076,0.037824861898935976,Association
GGPONC,fastText,multi-term,1.0702780677474129,4081,83160,0.049074074074074076,0.037824861898935976,ConceptualSimilarityChoi
GGPONC,GloVe,multi-term,"(0.04810054896573479, 0.11896551724137931)",4045,83025,0.04872026498042758,0.03749119489860231,HumanAssessmentRelatednessCont
GGPONC,GloVe,multi-term,"(0.1915411886773956, 0.12880143112701253)",4045,83025,0.04872026498042758,0.03749119489860231,HumanAssessmentSimilarityCont
GGPONC,GloVe,multi-term,"(-0.1744556751977294, 0.21782178217821782)",4045,83025,0.04872026498042758,0.03749119489860231,HumanAssessmentMayoSRS
GGPONC,GloVe,multi-term,"(0.029850746268656716, 2.888128348423804e-05)",4045,83025,0.04872026498042758,0.03749119489860231,Causality
GGPONC,GloVe,multi-term,"(0.08193979933110368, 0.007932653391614052)",4045,83025,0.04872026498042758,0.03749119489860231,May-(Treat/Prevent)
GGPONC,GloVe,multi-term,"(0.04848156821555461, 0.007625725000189653)",4045,83025,0.04872026498042758,0.03749119489860231,SemanticType
GGPONC,GloVe,multi-term,"(0.0437308868501529, 0.0035424098295679745)",4045,83025,0.04872026498042758,0.03749119489860231,Association
GGPONC,GloVe,multi-term,0.1445112785265157,4045,83025,0.04872026498042758,0.03749119489860231,ConceptualSimilarityChoi
GGPONC,word2vec,single-term,"(0.05843366661492191, 0.09827586206896552)",3172,117322,0.02703670240875539,0.029399770140510883,HumanAssessmentRelatednessCont
GGPONC,word2vec,single-term,"(0.10071523950165606, 0.10912343470483005)",3172,117322,0.02703670240875539,0.029399770140510883,HumanAssessmentSimilarityCont
GGPONC,word2vec,single-term,"(-0.09418692763284164, 0.15841584158415842)",3172,117322,0.02703670240875539,0.029399770140510883,HumanAssessmentMayoSRS
GGPONC,word2vec,single-term,"(0.06711409395973154, 5.181910985133097e-05)",3172,117322,0.02703670240875539,0.029399770140510883,Causality
GGPONC,word2vec,single-term,"(0.0430622009569378, 0.0029140359397765905)",3172,117322,0.02703670240875539,0.029399770140510883,May-(Treat/Prevent)
GGPONC,word2vec,single-term,"(0.08567996424181473, 0.008308283270832337)",3172,117322,0.02703670240875539,0.029399770140510883,SemanticType
GGPONC,word2vec,single-term,"(0.06111645813282002, 0.0022432613841099373)",3172,117322,0.02703670240875539,0.029399770140510883,Association
GGPONC,word2vec,single-term,0.34190019264995675,3172,117322,0.02703670240875539,0.029399770140510883,ConceptualSimilarityChoi
GGPONC,fastText,single-term,"(0.054535276298323734, 1.0)",3172,117322,0.02703670240875539,0.029399770140510883,HumanAssessmentRelatednessCont
GGPONC,fastText,single-term,"(0.07806380301600986, 1.0)",3172,117322,0.02703670240875539,0.029399770140510883,HumanAssessmentSimilarityCont
GGPONC,fastText,single-term,"(-0.004133899667167666, 1.0)",3172,117322,0.02703670240875539,0.029399770140510883,HumanAssessmentMayoSRS
GGPONC,fastText,single-term,"(0.18120805369127516, 0.00013991159659859363)",3172,117322,0.02703670240875539,0.029399770140510883,Causality
GGPONC,fastText,single-term,"(0.0861244019138756, 0.005828071879553181)",3172,117322,0.02703670240875539,0.029399770140510883,May-(Treat/Prevent)
GGPONC,fastText,single-term,"(0.09414459716169404, 0.009129088562994775)",3172,117322,0.02703670240875539,0.029399770140510883,SemanticType
GGPONC,fastText,single-term,"(0.05678537054860443, 0.0020842901049210444)",3172,117322,0.02703670240875539,0.029399770140510883,Association
GGPONC,fastText,single-term,0.8964836875186869,3172,117322,0.02703670240875539,0.029399770140510883,ConceptualSimilarityChoi
GGPONC,GloVe,single-term,"(0.14178995642833242, 0.09827586206896552)",3172,117322,0.02703670240875539,0.029399770140510883,HumanAssessmentRelatednessCont
GGPONC,GloVe,single-term,"(0.16676582187895636, 0.10912343470483005)",3172,117322,0.02703670240875539,0.029399770140510883,HumanAssessmentSimilarityCont
GGPONC,GloVe,single-term,"(-0.5136130897478396, 0.15841584158415842)",3172,117322,0.02703670240875539,0.029399770140510883,HumanAssessmentMayoSRS
GGPONC,GloVe,single-term,"(0.06896551724137931, 2.888128348423804e-05)",3172,117322,0.02703670240875539,0.029399770140510883,Causality
GGPONC,GloVe,single-term,"(0.07894736842105263, 0.005342399222923749)",3172,117322,0.02703670240875539,0.029399770140510883,May-(Treat/Prevent)
GGPONC,GloVe,single-term,"(0.066729988453086, 0.006470726868686504)",3172,117322,0.02703670240875539,0.029399770140510883,SemanticType
GGPONC,GloVe,single-term,"(0.04440059200789344, 0.0022294887039239)",3172,117322,0.02703670240875539,0.029399770140510883,Association
GGPONC,GloVe,single-term,0.09917554778514,3172,117322,0.02703670240875539,0.029399770140510883,ConceptualSimilarityChoi
GGPONC,word2vec,SE CUI,"(0.18550182030193965, 0.1413793103448276)",12612,93879,0.1343431438340843,0.11689467245022801,HumanAssessmentRelatednessCont
GGPONC,word2vec,SE CUI,"(0.13359926384927423, 0.15742397137745975)",12612,93879,0.1343431438340843,0.11689467245022801,HumanAssessmentSimilarityCont
GGPONC,word2vec,SE CUI,"(0.16534274785084052, 0.3465346534653465)",12612,93879,0.1343431438340843,0.11689467245022801,HumanAssessmentMayoSRS
GGPONC,word2vec,SE CUI,"(0.09203296703296704, 0.000694376072007835)",12612,93879,0.1343431438340843,0.11689467245022801,Causality
GGPONC,word2vec,SE CUI,"(0.08124253285543608, 0.011008580216933787)",12612,93879,0.1343431438340843,0.11689467245022801,May-(Treat/Prevent)
GGPONC,word2vec,SE CUI,"(0.11966156378914818, 0.09468997198297008)",12612,93879,0.1343431438340843,0.11689467245022801,SemanticType
GGPONC,word2vec,SE CUI,"(0.0651890482398957, 0.00794856395944466)",12612,93879,0.1343431438340843,0.11689467245022801,Association
GGPONC,word2vec,SE CUI,3.2181670015011847,12612,93879,0.1343431438340843,0.11689467245022801,ConceptualSimilarityChoi
GGPONC,fastText,SE CUI,"(0.02052871487374264, 1.0)",12612,93879,0.1343431438340843,0.11689467245022801,HumanAssessmentRelatednessCont
GGPONC,fastText,SE CUI,"(0.04043587714825505, 1.0)",12612,93879,0.1343431438340843,0.11689467245022801,HumanAssessmentSimilarityCont
GGPONC,fastText,SE CUI,"(-0.14865058194105601, 1.0)",12612,93879,0.1343431438340843,0.11689467245022801,HumanAssessmentMayoSRS
GGPONC,fastText,SE CUI,"(0.1978021978021978, 0.001492390363718332)",12612,93879,0.1343431438340843,0.11689467245022801,Causality
GGPONC,fastText,SE CUI,"(0.054958183990442055, 0.007446980734984621)",12612,93879,0.1343431438340843,0.11689467245022801,May-(Treat/Prevent)
GGPONC,fastText,SE CUI,"(0.13963116535882414, 0.11049221418394635)",12612,93879,0.1343431438340843,0.11689467245022801,SemanticType
GGPONC,fastText,SE CUI,"(0.053165290453426044, 0.006482495495813756)",12612,93879,0.1343431438340843,0.11689467245022801,Association
GGPONC,fastText,SE CUI,3.4273857812223203,12612,93879,0.1343431438340843,0.11689467245022801,ConceptualSimilarityChoi
GGPONC,GloVe,SE CUI,"(-0.15069068421880405, 0.03620689655172414)",12612,93879,0.1343431438340843,0.11689467245022801,HumanAssessmentRelatednessCont
GGPONC,GloVe,SE CUI,"(-0.1216152080519929, 0.04114490161001789)",12612,93879,0.1343431438340843,0.11689467245022801,HumanAssessmentSimilarityCont
GGPONC,GloVe,SE CUI,"(-0.34822680302450737, 0.12871287128712872)",12612,93879,0.1343431438340843,0.11689467245022801,HumanAssessmentMayoSRS
GGPONC,GloVe,SE CUI,"(0.38186813186813184, 0.002881142507734002)",12612,93879,0.1343431438340843,0.11689467245022801,Causality
GGPONC,GloVe,SE CUI,"(0.037037037037037035, 0.005018617451837462)",12612,93879,0.1343431438340843,0.11689467245022801,May-(Treat/Prevent)
GGPONC,GloVe,SE CUI,"(0.1050910350064127, 0.08316009623568854)",12612,93879,0.1343431438340843,0.11689467245022801,SemanticType
GGPONC,GloVe,SE CUI,"(0.294944227147617, 0.03596283604762073)",12612,93879,0.1343431438340843,0.11689467245022801,Association
GGPONC,GloVe,SE CUI,0.003291066766231259,12612,93879,0.1343431438340843,0.11689467245022801,ConceptualSimilarityChoi
GGPONC,word2vec,JCoRe,"(0.08245510012814873, 0.16896551724137931)",4342,83155,0.05221574168721063,0.040243947651355055,HumanAssessmentRelatednessCont
GGPONC,word2vec,JCoRe,"(0.06731127177256607, 0.19141323792486584)",4342,83155,0.05221574168721063,0.040243947651355055,HumanAssessmentSimilarityCont
GGPONC,word2vec,JCoRe,"(0.24254904560870097, 0.21782178217821782)",4342,83155,0.05221574168721063,0.040243947651355055,HumanAssessmentMayoSRS
GGPONC,word2vec,JCoRe,"(0.16129032258064516, 0.00028500510418232034)",4342,83155,0.05221574168721063,0.040243947651355055,Causality
GGPONC,word2vec,JCoRe,"(0.040787623066104076, 0.004694835680751174)",4342,83155,0.05221574168721063,0.040243947651355055,May-(Treat/Prevent)
GGPONC,word2vec,JCoRe,"(0.08938533634177184, 0.01742119586884892)",4342,83155,0.05221574168721063,0.040243947651355055,SemanticType
GGPONC,word2vec,JCoRe,"(0.061351427763641504, 0.0038329741759988694)",4342,83155,0.05221574168721063,0.040243947651355055,Association
GGPONC,word2vec,JCoRe,0.5134499405951024,4342,83155,0.05221574168721063,0.040243947651355055,ConceptualSimilarityChoi
GGPONC,fastText,JCoRe,"(0.0403341354653129, 1.0)",4342,83155,0.05221574168721063,0.040243947651355055,HumanAssessmentRelatednessCont
GGPONC,fastText,JCoRe,"(0.06103072169693528, 1.0)",4342,83155,0.05221574168721063,0.040243947651355055,HumanAssessmentSimilarityCont
GGPONC,fastText,JCoRe,"(0.05443163074502921, 1.0)",4342,83155,0.05221574168721063,0.040243947651355055,HumanAssessmentMayoSRS
GGPONC,fastText,JCoRe,"(0.22287390029325513, 0.0003938252348701154)",4342,83155,0.05221574168721063,0.040243947651355055,Causality
GGPONC,fastText,JCoRe,"(0.07032348804500703, 0.008094544277157197)",4342,83155,0.05221574168721063,0.040243947651355055,May-(Treat/Prevent)
GGPONC,fastText,JCoRe,"(0.0768391559842305, 0.014975946185176923)",4342,83155,0.05221574168721063,0.040243947651355055,SemanticType
GGPONC,fastText,JCoRe,"(0.06502685891998869, 0.004062599357049493)",4342,83155,0.05221574168721063,0.040243947651355055,Association
GGPONC,fastText,JCoRe,0.9980869510141605,4342,83155,0.05221574168721063,0.040243947651355055,ConceptualSimilarityChoi
GGPONC,GloVe,JCoRe,"(0.2292211911505859, 0.16896551724137931)",4342,83155,0.05221574168721063,0.040243947651355055,HumanAssessmentRelatednessCont
GGPONC,GloVe,JCoRe,"(0.19456247811163122, 0.19141323792486584)",4342,83155,0.05221574168721063,0.040243947651355055,HumanAssessmentSimilarityCont
GGPONC,GloVe,JCoRe,"(0.011360611035536344, 0.21782178217821782)",4342,83155,0.05221574168721063,0.040243947651355055,HumanAssessmentMayoSRS
GGPONC,GloVe,JCoRe,"(0.011730205278592375, 2.072764394053239e-05)",4342,83155,0.05221574168721063,0.040243947651355055,Causality
GGPONC,GloVe,JCoRe,"(0.03375527426160337, 0.003885381253035454)",4342,83155,0.05221574168721063,0.040243947651355055,May-(Treat/Prevent)
GGPONC,GloVe,JCoRe,"(0.06396237798880927, 0.012466263044754674)",4342,83155,0.05221574168721063,0.040243947651355055,SemanticType
GGPONC,GloVe,JCoRe,"(0.013853548204693244, 0.0008655102978061964)",4342,83155,0.05221574168721063,0.040243947651355055,Association
GGPONC,GloVe,JCoRe,0.17213361160168458,4342,83155,0.05221574168721063,0.040243947651355055,ConceptualSimilarityChoi
JSynCC,word2vec,multi-term,"(-0.044015444015444015, 0.06206896551724138)",1672,28720,0.05821727019498607,0.015496978459941423,HumanAssessmentRelatednessCont
JSynCC,word2vec,multi-term,"(0.28711484593837533, 0.0626118067978533)",1672,28720,0.05821727019498607,0.015496978459941423,HumanAssessmentSimilarityCont
JSynCC,word2vec,multi-term,"(0.11415644124430578, 0.10891089108910891)",1672,28720,0.05821727019498607,0.015496978459941423,HumanAssessmentMayoSRS
JSynCC,word2vec,multi-term,"(0.24324324324324326, 9.327439773239575e-05)",1672,28720,0.05821727019498607,0.015496978459941423,Causality
JSynCC,word2vec,multi-term,"(0.04672897196261682, 0.0008094544277157196)",1672,28720,0.05821727019498607,0.015496978459941423,May-(Treat/Prevent)
JSynCC,word2vec,multi-term,"(0.06952941176470588, 0.001728066806887316)",1672,28720,0.05821727019498607,0.015496978459941423,SemanticType
JSynCC,word2vec,multi-term,"(0.056818181818181816, 0.0012364432825802804)",1672,28720,0.05821727019498607,0.015496978459941423,Association
JSynCC,word2vec,multi-term,0.217081799992121,1672,28720,0.05821727019498607,0.015496978459941423,ConceptualSimilarityChoi
JSynCC,fastText,multi-term,"(0.08527300964864709, 1.0)",1672,28720,0.05821727019498607,0.015496978459941423,HumanAssessmentRelatednessCont
JSynCC,fastText,multi-term,"(0.13355352246800142, 1.0)",1672,28720,0.05821727019498607,0.015496978459941423,HumanAssessmentSimilarityCont
JSynCC,fastText,multi-term,"(0.01193326844431686, 1.0)",1672,28720,0.05821727019498607,0.015496978459941423,HumanAssessmentMayoSRS
JSynCC,fastText,multi-term,"(0.13513513513513514, 5.181910985133097e-05)",1672,28720,0.05821727019498607,0.015496978459941423,Causality
JSynCC,fastText,multi-term,"(0.056074766355140186, 0.0009713453132588635)",1672,28720,0.05821727019498607,0.015496978459941423,May-(Treat/Prevent)
JSynCC,fastText,multi-term,"(0.09207843137254902, 0.0022884945643380813)",1672,28720,0.05821727019498607,0.015496978459941423,SemanticType
JSynCC,fastText,multi-term,"(0.08441558441558442, 0.0018370014484049883)",1672,28720,0.05821727019498607,0.015496978459941423,Association
JSynCC,fastText,multi-term,0.6836351361512087,1672,28720,0.05821727019498607,0.015496978459941423,ConceptualSimilarityChoi
JSynCC,GloVe,multi-term,"(0.006177606177606177, 0.06206896551724138)",1672,28719,0.05821929732929419,0.015496978459941423,HumanAssessmentRelatednessCont
JSynCC,GloVe,multi-term,"(0.03053221288515406, 0.0626118067978533)",1672,28719,0.05821929732929419,0.015496978459941423,HumanAssessmentSimilarityCont
JSynCC,GloVe,multi-term,"(0.16438527539180034, 0.10891089108910891)",1672,28719,0.05821929732929419,0.015496978459941423,HumanAssessmentMayoSRS
JSynCC,GloVe,multi-term,"(0.02702702702702703, 1.0363821970266195e-05)",1672,28719,0.05821929732929419,0.015496978459941423,Causality
JSynCC,GloVe,multi-term,"(0.06542056074766354, 0.0011332361988020075)",1672,28719,0.05821929732929419,0.015496978459941423,May-(Treat/Prevent)
JSynCC,GloVe,multi-term,"(0.07980392156862745, 0.001983426932890969)",1672,28719,0.05821929732929419,0.015496978459941423,SemanticType
JSynCC,GloVe,multi-term,"(0.017857142857142856, 0.00038859646023951675)",1672,28719,0.05821929732929419,0.015496978459941423,Association
JSynCC,GloVe,multi-term,0.13953667205249515,1672,28719,0.05821929732929419,0.015496978459941423,ConceptualSimilarityChoi
JSynCC,word2vec,single-term,"(0.024615384615384615, 0.04310344827586207)",1446,36890,0.03919761452968284,0.013402291180068958,HumanAssessmentRelatednessCont
JSynCC,word2vec,single-term,"(0.48056923918992883, 0.05008944543828265)",1446,36890,0.03919761452968284,0.013402291180068958,HumanAssessmentSimilarityCont
JSynCC,word2vec,single-term,"(-0.15244185832977603, 0.09900990099009901)",1446,36890,0.03919761452968284,0.013402291180068958,HumanAssessmentMayoSRS
JSynCC,word2vec,single-term,"(0.2153846153846154, 7.254675379186337e-05)",1446,36890,0.03919761452968284,0.013402291180068958,Causality
JSynCC,word2vec,single-term,"(0.1044776119402985, 0.0011332361988020075)",1446,36890,0.03919761452968284,0.013402291180068958,May-(Treat/Prevent)
JSynCC,word2vec,single-term,"(0.0762261415800918, 0.0012407362619428239)",1446,36890,0.03919761452968284,0.013402291180068958,SemanticType
JSynCC,word2vec,single-term,"(0.08315565031982942, 0.001377751086303741)",1446,36890,0.03919761452968284,0.013402291180068958,Association
JSynCC,word2vec,single-term,0.11940985337031633,1446,36890,0.03919761452968284,0.013402291180068958,ConceptualSimilarityChoi
JSynCC,fastText,single-term,"(0.09987577089660987, 1.0)",1446,36890,0.03919761452968284,0.013402291180068958,HumanAssessmentRelatednessCont
JSynCC,fastText,single-term,"(0.12777151399710746, 1.0)",1446,36890,0.03919761452968284,0.013402291180068958,HumanAssessmentSimilarityCont
JSynCC,fastText,single-term,"(0.007383636657646497, 1.0)",1446,36890,0.03919761452968284,0.013402291180068958,HumanAssessmentMayoSRS
JSynCC,fastText,single-term,"(0.36923076923076925, 0.00012436586364319435)",1446,36890,0.03919761452968284,0.013402291180068958,Causality
JSynCC,fastText,single-term,"(0.07462686567164178, 0.0008094544277157196)",1446,36890,0.03919761452968284,0.013402291180068958,May-(Treat/Prevent)
JSynCC,fastText,single-term,"(0.06607876298622856, 0.0010755669338870439)",1446,36890,0.03919761452968284,0.013402291180068958,SemanticType
JSynCC,fastText,single-term,"(0.06183368869936034, 0.0010244815769950896)",1446,36890,0.03919761452968284,0.013402291180068958,Association
JSynCC,fastText,single-term,0.7071793986226966,1446,36890,0.03919761452968284,0.013402291180068958,ConceptualSimilarityChoi
JSynCC,GloVe,single-term,"(-0.0023076923076923075, 0.04310344827586207)",1446,36890,0.03919761452968284,0.013402291180068958,HumanAssessmentRelatednessCont
JSynCC,GloVe,single-term,"(-0.07772304324028462, 0.05008944543828265)",1446,36890,0.03919761452968284,0.013402291180068958,HumanAssessmentSimilarityCont
JSynCC,GloVe,single-term,"(-0.5609860386535758, 0.09900990099009901)",1446,36890,0.03919761452968284,0.013402291180068958,HumanAssessmentMayoSRS
JSynCC,GloVe,single-term,"(0.03076923076923077, 1.0363821970266195e-05)",1446,36890,0.03919761452968284,0.013402291180068958,Causality
JSynCC,GloVe,single-term,"(0.07462686567164178, 0.0008094544277157196)",1446,36890,0.03919761452968284,0.013402291180068958,May-(Treat/Prevent)
JSynCC,GloVe,single-term,"(0.053998550374486594, 0.0008789367814396867)",1446,36890,0.03919761452968284,0.013402291180068958,SemanticType
JSynCC,GloVe,single-term,"(0.0511727078891258, 0.0008478468223407638)",1446,36890,0.03919761452968284,0.013402291180068958,Association
JSynCC,GloVe,single-term,0.09439257546886866,1446,36890,0.03919761452968284,0.013402291180068958,ConceptualSimilarityChoi
JSynCC,word2vec,SE CUI,"(0.06510204081632653, 0.08448275862068966)",5121,33468,0.1530118321979204,0.04746413079746413,HumanAssessmentRelatednessCont
JSynCC,word2vec,SE CUI,"(0.23316326530612244, 0.08765652951699464)",5121,33468,0.1530118321979204,0.04746413079746413,HumanAssessmentSimilarityCont
JSynCC,word2vec,SE CUI,"(0.2790701028427024, 0.1782178217821782)",5121,33468,0.1530118321979204,0.04746413079746413,HumanAssessmentMayoSRS
JSynCC,word2vec,SE CUI,"(0.18471337579617833, 0.0003005508371377197)",5121,33468,0.1530118321979204,0.04746413079746413,Causality
JSynCC,word2vec,SE CUI,"(0.0784313725490196, 0.001942690626517727)",5121,33468,0.1530118321979204,0.04746413079746413,May-(Treat/Prevent)
JSynCC,word2vec,SE CUI,"(0.0995435243557895, 0.0411442910856973)",5121,33468,0.1530118321979204,0.04746413079746413,SemanticType
JSynCC,word2vec,SE CUI,"(0.05211526670754139, 0.0030027908291235385)",5121,33468,0.1530118321979204,0.04746413079746413,Association
JSynCC,word2vec,SE CUI,2.0297144135296086,5121,33468,0.1530118321979204,0.04746413079746413,ConceptualSimilarityChoi
JSynCC,fastText,SE CUI,"(0.030914557299958206, 1.0)",5121,33468,0.1530118321979204,0.04746413079746413,HumanAssessmentRelatednessCont
JSynCC,fastText,SE CUI,"(0.010110072583790675, 1.0)",5121,33468,0.1530118321979204,0.04746413079746413,HumanAssessmentSimilarityCont
JSynCC,fastText,SE CUI,"(0.21353992487526577, 1.0)",5121,33468,0.1530118321979204,0.04746413079746413,HumanAssessmentMayoSRS
JSynCC,fastText,SE CUI,"(0.13694267515923567, 0.00022282217236072318)",5121,33468,0.1530118321979204,0.04746413079746413,Causality
JSynCC,fastText,SE CUI,"(0.12418300653594772, 0.0030759268253197345)",5121,33468,0.1530118321979204,0.04746413079746413,May-(Treat/Prevent)
JSynCC,fastText,SE CUI,"(0.10282923945359354, 0.04250237459021064)",5121,33468,0.1530118321979204,0.04746413079746413,SemanticType
JSynCC,fastText,SE CUI,"(0.06315144083384426, 0.003638675945879111)",5121,33468,0.1530118321979204,0.04746413079746413,Association
JSynCC,fastText,SE CUI,1.990674782361966,5121,33468,0.1530118321979204,0.04746413079746413,ConceptualSimilarityChoi
JSynCC,GloVe,SE CUI,"(-0.021326530612244897, 0.08448275862068966)",5121,33467,0.15301640421908147,0.04746413079746413,HumanAssessmentRelatednessCont
JSynCC,GloVe,SE CUI,"(-0.11571428571428571, 0.08765652951699464)",5121,33467,0.15301640421908147,0.04746413079746413,HumanAssessmentSimilarityCont
JSynCC,GloVe,SE CUI,"(0.06304917138298091, 0.1782178217821782)",5121,33467,0.15301640421908147,0.04746413079746413,HumanAssessmentMayoSRS
JSynCC,GloVe,SE CUI,"(0.09872611464968153, 0.00016063924053912602)",5121,33467,0.15301640421908147,0.04746413079746413,Causality
JSynCC,GloVe,SE CUI,"(0.08496732026143791, 0.002104581512060871)",5121,33467,0.15301640421908147,0.04746413079746413,May-(Treat/Prevent)
JSynCC,GloVe,SE CUI,"(0.07421992689568138, 0.03067729715536722)",5121,33467,0.15301640421908147,0.04746413079746413,SemanticType
JSynCC,GloVe,SE CUI,"(0.0404659717964439, 0.0023315787614371004)",5121,33467,0.15301640421908147,0.04746413079746413,Association
JSynCC,GloVe,SE CUI,1.9813931446835369,5121,33467,0.15301640421908147,0.04746413079746413,ConceptualSimilarityChoi
JSynCC,word2vec,JCoRe,"(0.1548780487804878, 0.0706896551724138)",1749,28709,0.060921662196523736,0.01621065509954399,HumanAssessmentRelatednessCont
JSynCC,word2vec,JCoRe,"(0.46525722339675823, 0.07871198568872988)",1749,28709,0.060921662196523736,0.01621065509954399,HumanAssessmentSimilarityCont
JSynCC,word2vec,JCoRe,"(-0.3333368084333729, 0.10891089108910891)",1749,28709,0.060921662196523736,0.01621065509954399,HumanAssessmentMayoSRS
JSynCC,word2vec,JCoRe,"(0.2727272727272727, 0.00012436586364319435)",1749,28709,0.060921662196523736,0.01621065509954399,Causality
JSynCC,word2vec,JCoRe,"(0.10843373493975904, 0.0029140359397765905)",1749,28709,0.060921662196523736,0.01621065509954399,May-(Treat/Prevent)
JSynCC,word2vec,JCoRe,"(0.06791783836654848, 0.0021506812587776735)",1749,28709,0.060921662196523736,0.01621065509954399,SemanticType
JSynCC,word2vec,JCoRe,"(0.05044136191677175, 0.0014130780372346064)",1749,28709,0.060921662196523736,0.01621065509954399,Association
JSynCC,word2vec,JCoRe,0.22963989483439032,1749,28709,0.060921662196523736,0.01621065509954399,ConceptualSimilarityChoi
JSynCC,fastText,JCoRe,"(0.08028927060336291, 1.0)",1749,28709,0.060921662196523736,0.01621065509954399,HumanAssessmentRelatednessCont
JSynCC,fastText,JCoRe,"(0.13179357111126666, 1.0)",1749,28709,0.060921662196523736,0.01621065509954399,HumanAssessmentSimilarityCont
JSynCC,fastText,JCoRe,"(0.011336019483904534, 1.0)",1749,28709,0.060921662196523736,0.01621065509954399,HumanAssessmentMayoSRS
JSynCC,fastText,JCoRe,"(0.13636363636363635, 6.218293182159717e-05)",1749,28709,0.060921662196523736,0.01621065509954399,Causality
JSynCC,fastText,JCoRe,"(0.04819277108433735, 0.0012951270843451514)",1749,28709,0.060921662196523736,0.01621065509954399,May-(Treat/Prevent)
JSynCC,fastText,JCoRe,"(0.07173859885071525, 0.0022716691783758775)",1749,28709,0.060921662196523736,0.01621065509954399,SemanticType
JSynCC,fastText,JCoRe,"(0.07440100882723834, 0.0020842901049210444)",1749,28709,0.060921662196523736,0.01621065509954399,Association
JSynCC,fastText,JCoRe,0.6959506215767434,1749,28709,0.060921662196523736,0.01621065509954399,ConceptualSimilarityChoi
JSynCC,GloVe,JCoRe,"(0.06742160278745644, 0.0706896551724138)",1749,28708,0.06092378431099345,0.01621065509954399,HumanAssessmentRelatednessCont
JSynCC,GloVe,JCoRe,"(0.08456659619450317, 0.07871198568872988)",1749,28708,0.06092378431099345,0.01621065509954399,HumanAssessmentSimilarityCont
JSynCC,GloVe,JCoRe,"(-0.03653006119817785, 0.10891089108910891)",1749,28708,0.06092378431099345,0.01621065509954399,HumanAssessmentMayoSRS
JSynCC,GloVe,JCoRe,"(0.2159090909090909, 9.845630871752886e-05)",1749,28708,0.06092378431099345,0.01621065509954399,Causality
JSynCC,GloVe,JCoRe,"(0.05421686746987952, 0.0014570179698882952)",1749,28708,0.06092378431099345,0.01621065509954399,May-(Treat/Prevent)
JSynCC,GloVe,JCoRe,"(0.08766352854872234, 0.0027759468272611915)",1749,28708,0.06092378431099345,0.01621065509954399,SemanticType
JSynCC,GloVe,JCoRe,"(0.015132408575031526, 0.0004239234111703819)",1749,28708,0.06092378431099345,0.01621065509954399,Association
JSynCC,GloVe,JCoRe,0.14075440570050837,1749,28708,0.06092378431099345,0.01621065509954399,ConceptualSimilarityChoi
PubMed,word2vec,multi-term,"(-0.014565826330532213, 0.0603448275862069)",1206,11341,0.10633982893924698,0.011177844511177844,HumanAssessmentRelatednessCont
PubMed,word2vec,multi-term,"(0.060494652406417104, 0.059033989266547404)",1206,11341,0.10633982893924698,0.011177844511177844,HumanAssessmentSimilarityCont
PubMed,word2vec,multi-term,"(-0.1735543775649312, 0.12871287128712872)",1206,11341,0.10633982893924698,0.011177844511177844,HumanAssessmentMayoSRS
PubMed,word2vec,multi-term,"(0.1130952380952381, 9.845630871752886e-05)",1206,11341,0.10633982893924698,0.011177844511177844,Causality
PubMed,word2vec,multi-term,"(0.13793103448275862, 0.0025902541686903028)",1206,11341,0.10633982893924698,0.011177844511177844,May-(Treat/Prevent)
PubMed,word2vec,multi-term,"(0.031117885594317104, 0.001045122840570471)",1206,11341,0.10633982893924698,0.011177844511177844,SemanticType
PubMed,word2vec,multi-term,"(0.12742382271468145, 0.0032500794856395944)",1206,11341,0.10633982893924698,0.011177844511177844,Association
PubMed,word2vec,multi-term,0.04958359896295233,1206,11341,0.10633982893924698,0.011177844511177844,ConceptualSimilarityChoi
PubMed,fastText,multi-term,"(0.04270757937234513, 1.0)",1206,11341,0.10633982893924698,0.011177844511177844,HumanAssessmentRelatednessCont
PubMed,fastText,multi-term,"(0.04731536072506636, 1.0)",1206,11341,0.10633982893924698,0.011177844511177844,HumanAssessmentSimilarityCont
PubMed,fastText,multi-term,"(-0.11114100507437602, 1.0)",1206,11341,0.10633982893924698,0.011177844511177844,HumanAssessmentMayoSRS
PubMed,fastText,multi-term,"(0.16071428571428573, 0.00013991159659859363)",1206,11341,0.10633982893924698,0.011177844511177844,Causality
PubMed,fastText,multi-term,"(0.08620689655172414, 0.0016189088554314393)",1206,11341,0.10633982893924698,0.011177844511177844,May-(Treat/Prevent)
PubMed,fastText,multi-term,"(0.06102786805096201, 0.0020496771420430125)",1206,11341,0.10633982893924698,0.011177844511177844,SemanticType
PubMed,fastText,multi-term,"(0.11772853185595568, 0.0030027908291235385)",1206,11341,0.10633982893924698,0.011177844511177844,Association
PubMed,fastText,multi-term,0.5466332428699527,1206,11341,0.10633982893924698,0.011177844511177844,ConceptualSimilarityChoi
PubMed,GloVe,multi-term,"(0.17450980392156865, 0.0603448275862069)",1206,11341,0.10633982893924698,0.011177844511177844,HumanAssessmentRelatednessCont
PubMed,GloVe,multi-term,"(0.16711229946524064, 0.059033989266547404)",1206,11341,0.10633982893924698,0.011177844511177844,HumanAssessmentSimilarityCont
PubMed,GloVe,multi-term,"(-0.022038651119356347, 0.12871287128712872)",1206,11341,0.10633982893924698,0.011177844511177844,HumanAssessmentMayoSRS
PubMed,GloVe,multi-term,"(0.13690476190476192, 0.00011918395265806124)",1206,11341,0.10633982893924698,0.011177844511177844,Causality
PubMed,GloVe,multi-term,"(0.04310344827586207, 0.0008094544277157196)",1206,11341,0.10633982893924698,0.011177844511177844,May-(Treat/Prevent)
PubMed,GloVe,multi-term,"(0.03868166000402634, 0.0012991591687313156)",1206,11341,0.10633982893924698,0.011177844511177844,SemanticType
PubMed,GloVe,multi-term,"(0.029085872576177285, 0.0007418659695481683)",1206,11341,0.10633982893924698,0.011177844511177844,Association
PubMed,GloVe,multi-term,0.1254039648292699,1206,11341,0.10633982893924698,0.011177844511177844,ConceptualSimilarityChoi
PubMed,word2vec,single-term,"(-0.20938825979580167, 0.04827586206896552)",1019,12665,0.08045795499407817,0.009444629815000185,HumanAssessmentRelatednessCont
PubMed,word2vec,single-term,"(-0.2072149115598742, 0.046511627906976744)",1019,12665,0.08045795499407817,0.009444629815000185,HumanAssessmentSimilarityCont
PubMed,word2vec,single-term,"(-0.24201165543792824, 0.10891089108910891)",1019,12665,0.08045795499407817,0.009444629815000185,HumanAssessmentMayoSRS
PubMed,word2vec,single-term,"(0.043478260869565216, 2.072764394053239e-05)",1019,12665,0.08045795499407817,0.009444629815000185,Causality
PubMed,word2vec,single-term,"(0.10714285714285714, 0.0014570179698882952)",1019,12665,0.08045795499407817,0.009444629815000185,May-(Treat/Prevent)
PubMed,word2vec,single-term,"(0.047723179830203244, 0.001087004292348486)",1019,12665,0.08045795499407817,0.009444629815000185,SemanticType
PubMed,word2vec,single-term,"(0.11, 0.0019429823011975836)",1019,12665,0.08045795499407817,0.009444629815000185,Association
PubMed,word2vec,single-term,0.039044547510286555,1019,12665,0.08045795499407817,0.009444629815000185,ConceptualSimilarityChoi
PubMed,fastText,single-term,"(0.02926444864430951, 1.0)",1019,12665,0.08045795499407817,0.009444629815000185,HumanAssessmentRelatednessCont
PubMed,fastText,single-term,"(0.05288646248505498, 1.0)",1019,12665,0.08045795499407817,0.009444629815000185,HumanAssessmentSimilarityCont
PubMed,fastText,single-term,"(-0.09717591908826428, 1.0)",1019,12665,0.08045795499407817,0.009444629815000185,HumanAssessmentMayoSRS
PubMed,fastText,single-term,"(0.42391304347826086, 0.0002020945284201908)",1019,12665,0.08045795499407817,0.009444629815000185,Causality
PubMed,fastText,single-term,"(0.09523809523809523, 0.0012951270843451514)",1019,12665,0.08045795499407817,0.009444629815000185,May-(Treat/Prevent)
PubMed,fastText,single-term,"(0.06200154360689478, 0.0014122266008408902)",1019,12665,0.08045795499407817,0.009444629815000185,SemanticType
PubMed,fastText,single-term,"(0.106, 0.0018723283993358534)",1019,12665,0.08045795499407817,0.009444629815000185,Association
PubMed,fastText,single-term,0.633986994014505,1019,12665,0.08045795499407817,0.009444629815000185,ConceptualSimilarityChoi
PubMed,GloVe,single-term,"(0.03338806787082649, 0.04827586206896552)",1019,12665,0.08045795499407817,0.009444629815000185,HumanAssessmentRelatednessCont
PubMed,GloVe,single-term,"(-0.027692307692307693, 0.046511627906976744)",1019,12665,0.08045795499407817,0.009444629815000185,HumanAssessmentSimilarityCont
PubMed,GloVe,single-term,"(0.4703245379265398, 0.10891089108910891)",1019,12665,0.08045795499407817,0.009444629815000185,HumanAssessmentMayoSRS
PubMed,GloVe,single-term,"(0.021739130434782608, 1.0363821970266195e-05)",1019,12665,0.08045795499407817,0.009444629815000185,Causality
PubMed,GloVe,single-term,"(0.03571428571428571, 0.00048567265662943174)",1019,12665,0.08045795499407817,0.009444629815000185,May-(Treat/Prevent)
PubMed,GloVe,single-term,"(0.052225366606637506, 0.001189551867098343)",1019,12665,0.08045795499407817,0.009444629815000185,SemanticType
PubMed,GloVe,single-term,"(0.014, 0.0002472886565160561)",1019,12665,0.08045795499407817,0.009444629815000185,Association
PubMed,GloVe,single-term,0.08348159503495145,1019,12665,0.08045795499407817,0.009444629815000185,ConceptualSimilarityChoi
PubMed,word2vec,SE CUI,"(-0.10369589564529941, 0.07758620689655173)",3461,14722,0.23509034098627904,0.03207837467096726,HumanAssessmentRelatednessCont
PubMed,word2vec,SE CUI,"(-0.15751819445278617, 0.08228980322003578)",3461,14722,0.23509034098627904,0.03207837467096726,HumanAssessmentSimilarityCont
PubMed,word2vec,SE CUI,"(-0.4674078562572725, 0.16831683168316833)",3461,14722,0.23509034098627904,0.03207837467096726,HumanAssessmentMayoSRS
PubMed,word2vec,SE CUI,"(0.0, 0.0)",3461,14722,0.23509034098627904,0.03207837467096726,Causality
PubMed,word2vec,SE CUI,"(0.03636363636363636, 0.0009713453132588635)",3461,14722,0.23509034098627904,0.03207837467096726,May-(Treat/Prevent)
PubMed,word2vec,SE CUI,"(0.05976460110716418, 0.01977291979870154)",3461,14722,0.23509034098627904,0.03207837467096726,SemanticType
PubMed,word2vec,SE CUI,"(0.02119205298013245, 0.001130462429787685)",3461,14722,0.23509034098627904,0.03207837467096726,Association
PubMed,word2vec,SE CUI,1.5519337470837191,3461,14722,0.23509034098627904,0.03207837467096726,ConceptualSimilarityChoi
PubMed,fastText,SE CUI,"(-0.0027556273846491607, 1.0)",3461,14722,0.23509034098627904,0.03207837467096726,HumanAssessmentRelatednessCont
PubMed,fastText,SE CUI,"(0.030480513512003794, 1.0)",3461,14722,0.23509034098627904,0.03207837467096726,HumanAssessmentSimilarityCont
PubMed,fastText,SE CUI,"(0.005416228317464718, 1.0)",3461,14722,0.23509034098627904,0.03207837467096726,HumanAssessmentMayoSRS
PubMed,fastText,SE CUI,"(0.07836990595611286, 0.00025909554925665485)",3461,14722,0.23509034098627904,0.03207837467096726,Causality
PubMed,fastText,SE CUI,"(0.048484848484848485, 0.0012951270843451514)",3461,14722,0.23509034098627904,0.03207837467096726,May-(Treat/Prevent)
PubMed,fastText,SE CUI,"(0.07714930523929522, 0.02552459142639983)",3461,14722,0.23509034098627904,0.03207837467096726,SemanticType
PubMed,fastText,SE CUI,"(0.030463576158940398, 0.0016250397428197972)",3461,14722,0.23509034098627904,0.03207837467096726,Association
PubMed,fastText,SE CUI,0.8958625050297176,3461,14722,0.23509034098627904,0.03207837467096726,ConceptualSimilarityChoi
PubMed,GloVe,SE CUI,"(0.14697937940575795, 0.07758620689655173)",3461,14722,0.23509034098627904,0.03207837467096726,HumanAssessmentRelatednessCont
PubMed,GloVe,SE CUI,"(0.1640557545984382, 0.08228980322003578)",3461,14722,0.23509034098627904,0.03207837467096726,HumanAssessmentSimilarityCont
PubMed,GloVe,SE CUI,"(-0.09717163327453825, 0.16831683168316833)",3461,14722,0.23509034098627904,0.03207837467096726,HumanAssessmentMayoSRS
PubMed,GloVe,SE CUI,"(0.050156739811912224, 0.00016582115152425912)",3461,14722,0.23509034098627904,0.03207837467096726,Causality
PubMed,GloVe,SE CUI,"(0.03636363636363636, 0.0009713453132588635)",3461,14722,0.23509034098627904,0.03207837467096726,May-(Treat/Prevent)
PubMed,GloVe,SE CUI,"(0.06776371051805972, 0.022419398582339174)",3461,14722,0.23509034098627904,0.03207837467096726,SemanticType
PubMed,GloVe,SE CUI,"(0.02781456953642384, 0.0014837319390963366)",3461,14722,0.23509034098627904,0.03207837467096726,Association
PubMed,GloVe,SE CUI,1.716279286414928,3461,14722,0.23509034098627904,0.03207837467096726,ConceptualSimilarityChoi
PubMed,word2vec,JCoRe,"(-0.12778568041725938, 0.06379310344827586)",1266,11340,0.11164021164021164,0.011733956178400623,HumanAssessmentRelatednessCont
PubMed,word2vec,JCoRe,"(-0.01722873900293255, 0.057245080500894455)",1266,11340,0.11164021164021164,0.011733956178400623,HumanAssessmentSimilarityCont
PubMed,word2vec,JCoRe,"(0.04242424242424242, 0.09900990099009901)",1266,11340,0.11164021164021164,0.011733956178400623,HumanAssessmentMayoSRS
PubMed,word2vec,JCoRe,"(0.29081632653061223, 0.00029536892615258654)",1266,11340,0.11164021164021164,0.011733956178400623,Causality
PubMed,word2vec,JCoRe,"(0.096, 0.001942690626517727)",1266,11340,0.11164021164021164,0.011733956178400623,May-(Treat/Prevent)
PubMed,word2vec,JCoRe,"(0.05977132163315608, 0.0025079288472145615)",1266,11340,0.11164021164021164,0.011733956178400623,SemanticType
PubMed,word2vec,JCoRe,"(0.1653631284916201, 0.005228388737768043)",1266,11340,0.11164021164021164,0.011733956178400623,Association
PubMed,word2vec,JCoRe,0.06980502376224874,1266,11340,0.11164021164021164,0.011733956178400623,ConceptualSimilarityChoi
PubMed,fastText,JCoRe,"(0.07570394295637166, 1.0)",1266,11340,0.11164021164021164,0.011733956178400623,HumanAssessmentRelatednessCont
PubMed,fastText,JCoRe,"(0.08089775063590272, 1.0)",1266,11340,0.11164021164021164,0.011733956178400623,HumanAssessmentSimilarityCont
PubMed,fastText,JCoRe,"(-0.12902334159495682, 1.0)",1266,11340,0.11164021164021164,0.011733956178400623,HumanAssessmentMayoSRS
PubMed,fastText,JCoRe,"(0.2653061224489796, 0.00026945937122692105)",1266,11340,0.11164021164021164,0.011733956178400623,Causality
PubMed,fastText,JCoRe,"(0.048, 0.0009713453132588635)",1266,11340,0.11164021164021164,0.011733956178400623,May-(Treat/Prevent)
PubMed,fastText,JCoRe,"(0.06782755551498276, 0.0028459582031010603)",1266,11340,0.11164021164021164,0.011733956178400623,SemanticType
PubMed,fastText,JCoRe,"(0.05139664804469274, 0.0016250397428197972)",1266,11340,0.11164021164021164,0.011733956178400623,Association
PubMed,fastText,JCoRe,0.6461279670254152,1266,11340,0.11164021164021164,0.011733956178400623,ConceptualSimilarityChoi
PubMed,GloVe,JCoRe,"(0.3307254623044097, 0.06379310344827586)",1266,11340,0.11164021164021164,0.011733956178400623,HumanAssessmentRelatednessCont
PubMed,GloVe,JCoRe,"(0.23533724340175954, 0.057245080500894455)",1266,11340,0.11164021164021164,0.011733956178400623,HumanAssessmentSimilarityCont
PubMed,GloVe,JCoRe,"(-0.23636363636363636, 0.09900990099009901)",1266,11340,0.11164021164021164,0.011733956178400623,HumanAssessmentMayoSRS
PubMed,GloVe,JCoRe,"(0.25, 0.00025391363827152177)",1266,11340,0.11164021164021164,0.011733956178400623,Causality
PubMed,GloVe,JCoRe,"(0.056, 0.0011332361988020075)",1266,11340,0.11164021164021164,0.011733956178400623,May-(Treat/Prevent)
PubMed,GloVe,JCoRe,"(0.04854280302165826, 0.0020367944475087334)",1266,11340,0.11164021164021164,0.011733956178400623,SemanticType
PubMed,GloVe,JCoRe,"(0.030167597765363128, 0.0009538276751333592)",1266,11340,0.11164021164021164,0.011733956178400623,Association
PubMed,GloVe,JCoRe,0.1641262017891908,1266,11340,0.11164021164021164,0.011733956178400623,ConceptualSimilarityChoi
GerVec,word2vec,multi-term,"(0.10282006615979555, 0.2293103448275862)",5304,105514,0.05026821085353602,0.049160271382493605,HumanAssessmentRelatednessCont
GerVec,word2vec,multi-term,"(0.19618399155515076, 0.23434704830053668)",5304,105514,0.05026821085353602,0.049160271382493605,HumanAssessmentSimilarityCont
GerVec,word2vec,multi-term,"(0.056529373552929356, 0.31683168316831684)",5304,105514,0.05026821085353602,0.049160271382493605,HumanAssessmentMayoSRS
GerVec,word2vec,multi-term,"(0.1623931623931624, 0.0004922815435876442)",5304,105514,0.05026821085353602,0.049160271382493605,Causality
GerVec,word2vec,multi-term,"(0.039603960396039604, 0.0051805083373806056)",5304,105514,0.05026821085353602,0.049160271382493605,May-(Treat/Prevent)
GerVec,word2vec,multi-term,"(0.08372396263163107, 0.022332320484758476)",5304,105514,0.05026821085353602,0.049160271382493605,SemanticType
GerVec,word2vec,multi-term,"(0.05, 0.0037976472250680045)",5304,105514,0.05026821085353602,0.049160271382493605,Association
GerVec,word2vec,multi-term,0.491836405201183,5304,105514,0.05026821085353602,0.049160271382493605,ConceptualSimilarityChoi
GerVec,fastText,multi-term,"(0.025234966664722806, 1.0)",5304,105514,0.05026821085353602,0.049160271382493605,HumanAssessmentRelatednessCont
GerVec,fastText,multi-term,"(0.07083913549757989, 1.0)",5304,105514,0.05026821085353602,0.049160271382493605,HumanAssessmentSimilarityCont
GerVec,fastText,multi-term,"(0.02788918429846968, 1.0)",5304,105514,0.05026821085353602,0.049160271382493605,HumanAssessmentMayoSRS
GerVec,fastText,multi-term,"(0.2222222222222222, 0.0006736484280673026)",5304,105514,0.05026821085353602,0.049160271382493605,Causality
GerVec,fastText,multi-term,"(0.07054455445544554, 0.009227780475959204)",5304,105514,0.05026821085353602,0.049160271382493605,May-(Treat/Prevent)
GerVec,fastText,multi-term,"(0.0915035376709691, 0.02440742488202797)",5304,105514,0.05026821085353602,0.049160271382493605,SemanticType
GerVec,fastText,multi-term,"(0.06465116279069767, 0.004910446179390257)",5304,105514,0.05026821085353602,0.049160271382493605,Association
GerVec,fastText,multi-term,1.1766340628057999,5304,105514,0.05026821085353602,0.049160271382493605,ConceptualSimilarityChoi
GerVec,GloVe,multi-term,"(-0.03282978348982707, 0.2293103448275862)",5304,105513,0.05026868727076284,0.049160271382493605,HumanAssessmentRelatednessCont
GerVec,GloVe,multi-term,"(0.05857600988638866, 0.23434704830053668)",5304,105513,0.05026868727076284,0.049160271382493605,HumanAssessmentSimilarityCont
GerVec,GloVe,multi-term,"(0.16224664357399204, 0.31683168316831684)",5304,105513,0.05026868727076284,0.049160271382493605,HumanAssessmentMayoSRS
GerVec,GloVe,multi-term,"(0.041025641025641026, 0.00012436586364319435)",5304,105513,0.05026868727076284,0.049160271382493605,Causality
GerVec,GloVe,multi-term,"(0.03589108910891089, 0.004694835680751174)",5304,105513,0.05026868727076284,0.049160271382493605,May-(Treat/Prevent)
GerVec,GloVe,multi-term,"(0.0686159618833834, 0.018302450134757044)",5304,105513,0.05026868727076284,0.049160271382493605,SemanticType
GerVec,GloVe,multi-term,"(0.009302325581395349, 0.0007065390186173032)",5304,105513,0.05026868727076284,0.049160271382493605,Association
GerVec,GloVe,multi-term,0.16489139826651172,5304,105513,0.05026868727076284,0.049160271382493605,ConceptualSimilarityChoi
GerVec,word2vec,single-term,"(-0.0520493950049539, 0.21551724137931033)",4206,147692,0.028478184329550685,0.03898342787231676,HumanAssessmentRelatednessCont
GerVec,word2vec,single-term,"(0.08755644944794001, 0.22540250447227192)",4206,147692,0.028478184329550685,0.03898342787231676,HumanAssessmentSimilarityCont
GerVec,word2vec,single-term,"(-0.014308640574856406, 0.2871287128712871)",4206,147692,0.028478184329550685,0.03898342787231676,HumanAssessmentMayoSRS
GerVec,word2vec,single-term,"(0.08524590163934426, 0.00013472968561346053)",4206,147692,0.028478184329550685,0.03898342787231676,Causality
GerVec,word2vec,single-term,"(0.04317789291882556, 0.0040472721385785984)",4206,147692,0.028478184329550685,0.03898342787231676,May-(Treat/Prevent)
GerVec,word2vec,single-term,"(0.08464016275324235, 0.014828779696955946)",4206,147692,0.028478184329550685,0.03898342787231676,SemanticType
GerVec,word2vec,single-term,"(0.05969609261939218, 0.0029144734517963754)",4206,147692,0.028478184329550685,0.03898342787231676,Association
GerVec,word2vec,single-term,0.34437248438053886,4206,147692,0.028478184329550685,0.03898342787231676,ConceptualSimilarityChoi
GerVec,fastText,single-term,"(0.046684419099599875, 1.0)",4206,147692,0.028478184329550685,0.03898342787231676,HumanAssessmentRelatednessCont
GerVec,fastText,single-term,"(0.07434540978742825, 1.0)",4206,147692,0.028478184329550685,0.03898342787231676,HumanAssessmentSimilarityCont
GerVec,fastText,single-term,"(-0.017355352143746405, 1.0)",4206,147692,0.028478184329550685,0.03898342787231676,HumanAssessmentMayoSRS
GerVec,fastText,single-term,"(0.26229508196721313, 0.0004145528788106478)",4206,147692,0.028478184329550685,0.03898342787231676,Causality
GerVec,fastText,single-term,"(0.06563039723661486, 0.006151853650639469)",4206,147692,0.028478184329550685,0.03898342787231676,May-(Treat/Prevent)
GerVec,fastText,single-term,"(0.09221741874111121, 0.01615629911677468)",4206,147692,0.028478184329550685,0.03898342787231676,SemanticType
GerVec,fastText,single-term,"(0.055716353111432707, 0.002720175221676617)",4206,147692,0.028478184329550685,0.03898342787231676,Association
GerVec,fastText,single-term,1.0491110079631443,4206,147692,0.028478184329550685,0.03898342787231676,ConceptualSimilarityChoi
GerVec,GloVe,single-term,"(0.033364209051693974, 0.21551724137931033)",4206,147692,0.028478184329550685,0.03898342787231676,HumanAssessmentRelatednessCont
GerVec,GloVe,single-term,"(0.06601304542810017, 0.22540250447227192)",4206,147692,0.028478184329550685,0.03898342787231676,HumanAssessmentSimilarityCont
GerVec,GloVe,single-term,"(-0.016035545471821833, 0.2871287128712871)",4206,147692,0.028478184329550685,0.03898342787231676,HumanAssessmentMayoSRS
GerVec,GloVe,single-term,"(0.013114754098360656, 2.072764394053239e-05)",4206,147692,0.028478184329550685,0.03898342787231676,Causality
GerVec,GloVe,single-term,"(0.04145077720207254, 0.003885381253035454)",4206,147692,0.028478184329550685,0.03898342787231676,May-(Treat/Prevent)
GerVec,GloVe,single-term,"(0.07136936886025637, 0.012503764330237989)",4206,147692,0.028478184329550685,0.03898342787231676,SemanticType
GerVec,GloVe,single-term,"(0.01447178002894356, 0.0007065390186173032)",4206,147692,0.028478184329550685,0.03898342787231676,Association
GerVec,GloVe,single-term,0.09358914257297392,4206,147692,0.028478184329550685,0.03898342787231676,ConceptualSimilarityChoi
GerVec,word2vec,SE CUI,"(0.12145748282281896, 0.2603448275862069)",16440,121008,0.13585878619595398,0.15237459681904125,HumanAssessmentRelatednessCont
GerVec,word2vec,SE CUI,"(0.20762554625912535, 0.2737030411449016)",16440,121008,0.13585878619595398,0.15237459681904125,HumanAssessmentSimilarityCont
GerVec,word2vec,SE CUI,"(-0.0428906222700623, 0.46534653465346537)",16440,121008,0.13585878619595398,0.15237459681904125,HumanAssessmentMayoSRS
GerVec,word2vec,SE CUI,"(0.06210078069552875, 0.000906834422398292)",16440,121008,0.13585878619595398,0.15237459681904125,Causality
GerVec,word2vec,SE CUI,"(0.07488986784140969, 0.013760725271167232)",16440,121008,0.13585878619595398,0.15237459681904125,May-(Treat/Prevent)
GerVec,word2vec,SE CUI,"(0.11646305290368981, 0.0959396876033269)",16440,121008,0.13585878619595398,0.15237459681904125,SemanticType
GerVec,word2vec,SE CUI,"(0.05155847199437544, 0.007771929204790334)",16440,121008,0.13585878619595398,0.15237459681904125,Association
GerVec,word2vec,SE CUI,3.361856560449233,16440,121008,0.13585878619595398,0.15237459681904125,ConceptualSimilarityChoi
GerVec,fastText,SE CUI,"(0.0065873021144743785, 1.0)",16440,121008,0.13585878619595398,0.15237459681904125,HumanAssessmentRelatednessCont
GerVec,fastText,SE CUI,"(0.013806827048226224, 1.0)",16440,121008,0.13585878619595398,0.15237459681904125,HumanAssessmentSimilarityCont
GerVec,fastText,SE CUI,"(-0.13021783951578147, 1.0)",16440,121008,0.13585878619595398,0.15237459681904125,HumanAssessmentMayoSRS
GerVec,fastText,SE CUI,"(0.22462739531582682, 0.0032801496535892504)",16440,121008,0.13585878619595398,0.15237459681904125,Causality
GerVec,fastText,SE CUI,"(0.04669603524229075, 0.008580216933786628)",16440,121008,0.13585878619595398,0.15237459681904125,May-(Treat/Prevent)
GerVec,fastText,SE CUI,"(0.13822874867705784, 0.11386978647075768)",16440,121008,0.13585878619595398,0.15237459681904125,SemanticType
GerVec,fastText,SE CUI,"(0.056128427466604174, 0.008460804747942205)",16440,121008,0.13585878619595398,0.15237459681904125,Association
GerVec,fastText,SE CUI,3.5271884902543467,16440,121008,0.13585878619595398,0.15237459681904125,ConceptualSimilarityChoi
GerVec,GloVe,SE CUI,"(-0.19215349868021409, 0.056896551724137934)",16440,121007,0.13585990893088828,0.15237459681904125,HumanAssessmentRelatednessCont
GerVec,GloVe,SE CUI,"(-0.13794394846641736, 0.06082289803220036)",16440,121007,0.13585990893088828,0.15237459681904125,HumanAssessmentSimilarityCont
GerVec,GloVe,SE CUI,"(-0.17236764193043463, 0.15841584158415842)",16440,121007,0.13585990893088828,0.15237459681904125,HumanAssessmentMayoSRS
GerVec,GloVe,SE CUI,"(0.40170333569907735, 0.005865923235170666)",16440,121007,0.13585990893088828,0.15237459681904125,Causality
GerVec,GloVe,SE CUI,"(0.04052863436123348, 0.007446980734984621)",16440,121007,0.13585990893088828,0.15237459681904125,May-(Treat/Prevent)
GerVec,GloVe,SE CUI,"(0.23311581275213958, 0.1920356515927065)",16440,121007,0.13585990893088828,0.15237459681904125,SemanticType
GerVec,GloVe,SE CUI,"(0.32177173658307945, 0.04850390362807786)",16440,121007,0.13585990893088828,0.15237459681904125,Association
GerVec,GloVe,SE CUI,0.004547799525395747,16440,121007,0.13585990893088828,0.15237459681904125,ConceptualSimilarityChoi
GerVec,word2vec,JCoRe,"(0.030755047618227702, 0.30517241379310345)",5799,105294,0.055074363211579005,0.05374819263708153,HumanAssessmentRelatednessCont
GerVec,word2vec,JCoRe,"(0.04965598392215566, 0.3184257602862254)",5799,105294,0.055074363211579005,0.05374819263708153,HumanAssessmentSimilarityCont
GerVec,word2vec,JCoRe,"(0.1866145941580438, 0.3465346534653465)",5799,105294,0.055074363211579005,0.05374819263708153,HumanAssessmentMayoSRS
GerVec,word2vec,JCoRe,"(0.11826347305389222, 0.0004093709678255147)",5799,105294,0.055074363211579005,0.05374819263708153,Causality
GerVec,word2vec,JCoRe,"(0.040594059405940595, 0.006637526307268901)",5799,105294,0.055074363211579005,0.05374819263708153,May-(Treat/Prevent)
GerVec,word2vec,JCoRe,"(0.07626903657149404, 0.025056474524461317)",5799,105294,0.055074363211579005,0.05374819263708153,SemanticType
GerVec,word2vec,JCoRe,"(0.05371530886302596, 0.005299042639629774)",5799,105294,0.055074363211579005,0.05374819263708153,Association
GerVec,word2vec,JCoRe,0.49697684381195706,5799,105294,0.055074363211579005,0.05374819263708153,ConceptualSimilarityChoi
GerVec,fastText,JCoRe,"(0.0276852771483765, 1.0)",5799,105294,0.055074363211579005,0.05374819263708153,HumanAssessmentRelatednessCont
GerVec,fastText,JCoRe,"(0.06352810269375397, 1.0)",5799,105294,0.055074363211579005,0.05374819263708153,HumanAssessmentSimilarityCont
GerVec,fastText,JCoRe,"(-0.008355630063807733, 1.0)",5799,105294,0.055074363211579005,0.05374819263708153,HumanAssessmentMayoSRS
GerVec,fastText,JCoRe,"(0.22005988023952097, 0.0007617409148145654)",5799,105294,0.055074363211579005,0.05374819263708153,Causality
GerVec,fastText,JCoRe,"(0.08118811881188119, 0.013275052614537802)",5799,105294,0.055074363211579005,0.05374819263708153,May-(Treat/Prevent)
GerVec,fastText,JCoRe,"(0.07878542377597197, 0.02588317687599263)",5799,105294,0.055074363211579005,0.05374819263708153,SemanticType
GerVec,fastText,JCoRe,"(0.06266786034019696, 0.006182216412901402)",5799,105294,0.055074363211579005,0.05374819263708153,Association
GerVec,fastText,JCoRe,1.278206828398922,5799,105294,0.055074363211579005,0.05374819263708153,ConceptualSimilarityChoi
GerVec,GloVe,JCoRe,"(0.1010804043006513, 0.28620689655172415)",5648,105764,0.053401913694640896,0.05234864494123753,HumanAssessmentRelatednessCont
GerVec,GloVe,JCoRe,"(-0.0029573422952785815, 0.3023255813953488)",5648,105764,0.053401913694640896,0.05234864494123753,HumanAssessmentSimilarityCont
GerVec,GloVe,JCoRe,"(0.02510528897746826, 0.33663366336633666)",5648,105764,0.053401913694640896,0.05234864494123753,HumanAssessmentMayoSRS
GerVec,GloVe,JCoRe,"(0.02962962962962963, 5.776256696847608e-05)",5648,105764,0.053401913694640896,0.05234864494123753,Causality
GerVec,GloVe,JCoRe,"(0.0707070707070707, 0.011332361988020075)",5648,105764,0.053401913694640896,0.05234864494123753,May-(Treat/Prevent)
GerVec,GloVe,JCoRe,"(0.0562385287063327, 0.01768259168096814)",5648,105764,0.053401913694640896,0.05234864494123753,SemanticType
GerVec,GloVe,JCoRe,"(0.038765670202507235, 0.004979191438763377)",5648,105764,0.053401913694640896,0.05234864494123753,Association
GerVec,GloVe,JCoRe,0.13371587624884917,5648,105764,0.053401913694640896,0.05234864494123753,ConceptualSimilarityChoi
Wikipedia + News 2015,word2vec,SE CUI,"(0.17264278319470633, 0.25)",14716,622846,0.023627028189953856,0.13639565491417344,HumanAssessmentRelatednessCont
Wikipedia + News 2015,word2vec,SE CUI,"(0.1673095274098491, 0.27191413237924866)",14716,622846,0.023627028189953856,0.13639565491417344,HumanAssessmentSimilarityCont
Wikipedia + News 2015,word2vec,SE CUI,"(0.33122690939425053, 0.3564356435643564)",14716,622846,0.023627028189953856,0.13639565491417344,HumanAssessmentMayoSRS
Wikipedia + News 2015,word2vec,SE CUI,"(0.36614853195164077, 0.00329569538654465)",14716,622846,0.023627028189953856,0.13639565491417344,Causality
Wikipedia + News 2015,word2vec,SE CUI,"(0.20867768595041322, 0.016350979439857537)",14716,622846,0.023627028189953856,0.13639565491417344,May-(Treat/Prevent)
Wikipedia + News 2015,word2vec,SE CUI,"(0.227892879111582, 0.17234916348073606)",14716,622846,0.023627028189953856,0.13639565491417344,SemanticType
Wikipedia + News 2015,word2vec,SE CUI,"(0.10139746506337341, 0.011022008690429928)",14716,622846,0.023627028189953856,0.13639565491417344,Association
Wikipedia + News 2015,word2vec,SE CUI,3.965050307550314,14716,622846,0.023627028189953856,0.13639565491417344,ConceptualSimilarityChoi
News 100K,word2vec,multi-term,"(0.03333333333333333, 0.015517241379310345)",2863,156535,0.018289839333056505,0.026535795054313572,HumanAssessmentRelatednessCont
News 100K,word2vec,multi-term,"(0.2167832167832168, 0.02146690518783542)",2863,156535,0.018289839333056505,0.026535795054313572,HumanAssessmentSimilarityCont
News 100K,word2vec,multi-term,"(0.8207826816681234, 0.04950495049504951)",2863,156535,0.018289839333056505,0.026535795054313572,HumanAssessmentMayoSRS
News 100K,word2vec,multi-term,"(0.08411214953271028, 9.327439773239575e-05)",2863,156535,0.018289839333056505,0.026535795054313572,Causality
News 100K,word2vec,multi-term,"(0.15, 0.00048567265662943174)",2863,156535,0.018289839333056505,0.026535795054313572,May-(Treat/Prevent)
News 100K,word2vec,multi-term,"(0.06470473591892419, 0.0006568378401905622)",2863,156535,0.018289839333056505,0.026535795054313572,SemanticType
News 100K,word2vec,multi-term,"(0.13008130081300814, 0.001130462429787685)",2863,156535,0.018289839333056505,0.026535795054313572,Association
News 100K,word2vec,multi-term,0.04489185962818101,2863,156535,0.018289839333056505,0.026535795054313572,ConceptualSimilarityChoi
News 100K,fastText,multi-term,"(0.07819043524975487, 1.0)",2863,156535,0.018289839333056505,0.026535795054313572,HumanAssessmentRelatednessCont
News 100K,fastText,multi-term,"(0.11639707069425534, 1.0)",2863,156535,0.018289839333056505,0.026535795054313572,HumanAssessmentSimilarityCont
News 100K,fastText,multi-term,"(-0.055883765472306245, 1.0)",2863,156535,0.018289839333056505,0.026535795054313572,HumanAssessmentMayoSRS
News 100K,fastText,multi-term,"(0.19158878504672897, 0.000212458350390457)",2863,156535,0.018289839333056505,0.026535795054313572,Causality
News 100K,fastText,multi-term,"(0.1, 0.00032378177108628785)",2863,156535,0.018289839333056505,0.026535795054313572,May-(Treat/Prevent)
News 100K,fastText,multi-term,"(0.07220814656012473, 0.0007330072885259135)",2863,156535,0.018289839333056505,0.026535795054313572,SemanticType
News 100K,fastText,multi-term,"(0.032520325203252036, 0.00028261560744692127)",2863,156535,0.018289839333056505,0.026535795054313572,Association
News 100K,fastText,multi-term,0.3155035059200599,2863,156535,0.018289839333056505,0.026535795054313572,ConceptualSimilarityChoi
News 100K,GloVe,multi-term,"(0.5333333333333333, 0.015517241379310345)",2863,156535,0.018289839333056505,0.026535795054313572,HumanAssessmentRelatednessCont
News 100K,GloVe,multi-term,"(0.2167832167832168, 0.02146690518783542)",2863,156535,0.018289839333056505,0.026535795054313572,HumanAssessmentSimilarityCont
News 100K,GloVe,multi-term,"(-0.20519567041703085, 0.04950495049504951)",2863,156535,0.018289839333056505,0.026535795054313572,HumanAssessmentMayoSRS
News 100K,GloVe,multi-term,"(0.27586206896551724, 0.00011552513393695216)",2863,156535,0.018289839333056505,0.026535795054313572,Causality
News 100K,GloVe,multi-term,"(0.15, 0.00048567265662943174)",2863,156535,0.018289839333056505,0.026535795054313572,May-(Treat/Prevent)
News 100K,GloVe,multi-term,"(0.06626388618203079, 0.0006726652580264792)",2863,156535,0.018289839333056505,0.026535795054313572,SemanticType
News 100K,GloVe,multi-term,"(0.06564551422319474, 0.0007431629013079667)",2863,156535,0.018289839333056505,0.026535795054313572,Association
News 100K,GloVe,multi-term,0.024447135888504074,2863,156535,0.018289839333056505,0.026535795054313572,ConceptualSimilarityChoi
News 100K,word2vec,single-term,"(-1.0, 0.0034482758620689655)",2579,214822,0.012005288098984275,0.023903533162792423,HumanAssessmentRelatednessCont
News 100K,word2vec,single-term,"(0.2, 0.007155635062611807)",2579,214822,0.012005288098984275,0.023903533162792423,HumanAssessmentSimilarityCont
News 100K,word2vec,single-term,"(0.5642880936468349, 0.04950495049504951)",2579,214822,0.012005288098984275,0.023903533162792423,HumanAssessmentMayoSRS
News 100K,word2vec,single-term,"(0.05747126436781609, 5.181910985133097e-05)",2579,214822,0.012005288098984275,0.023903533162792423,Causality
News 100K,word2vec,single-term,"(0.1875, 0.00048567265662943174)",2579,214822,0.012005288098984275,0.023903533162792423,May-(Treat/Prevent)
News 100K,word2vec,single-term,"(0.10045970795024338, 0.0007370454101315472)",2579,214822,0.012005288098984275,0.023903533162792423,SemanticType
News 100K,word2vec,single-term,"(0.06565656565656566, 0.00045925036210124707)",2579,214822,0.012005288098984275,0.023903533162792423,Association
News 100K,word2vec,single-term,0.012543410136269612,2579,214822,0.012005288098984275,0.023903533162792423,ConceptualSimilarityChoi
News 100K,fastText,single-term,"(0.07411829897636522, 1.0)",2579,214822,0.012005288098984275,0.023903533162792423,HumanAssessmentRelatednessCont
News 100K,fastText,single-term,"(0.1164493371088877, 1.0)",2579,214822,0.012005288098984275,0.023903533162792423,HumanAssessmentSimilarityCont
News 100K,fastText,single-term,"(-0.050016672743549866, 1.0)",2579,214822,0.012005288098984275,0.023903533162792423,HumanAssessmentMayoSRS
News 100K,fastText,single-term,"(0.2413793103448276, 0.0002176402613755901)",2579,214822,0.012005288098984275,0.023903533162792423,Causality
News 100K,fastText,single-term,"(0.0, 0.0)",2579,214822,0.012005288098984275,0.023903533162792423,May-(Treat/Prevent)
News 100K,fastText,single-term,"(0.06855056787452678, 0.000502936773804434)",2579,214822,0.012005288098984275,0.023903533162792423,SemanticType
News 100K,fastText,single-term,"(0.020202020202020204, 0.00014130780372346064)",2579,214822,0.012005288098984275,0.023903533162792423,Association
News 100K,fastText,single-term,0.3401050204560209,2579,214822,0.012005288098984275,0.023903533162792423,ConceptualSimilarityChoi
News 100K,GloVe,single-term,"(-1.0, 0.0034482758620689655)",2579,214822,0.012005288098984275,0.023903533162792423,HumanAssessmentRelatednessCont
News 100K,GloVe,single-term,"(0.4, 0.007155635062611807)",2579,214822,0.012005288098984275,0.023903533162792423,HumanAssessmentSimilarityCont
News 100K,GloVe,single-term,"(-0.15389675281277312, 0.04950495049504951)",2579,214822,0.012005288098984275,0.023903533162792423,HumanAssessmentMayoSRS
News 100K,GloVe,single-term,"(0.022988505747126436, 2.072764394053239e-05)",2579,214822,0.012005288098984275,0.023903533162792423,Causality
News 100K,GloVe,single-term,"(0.125, 0.00032378177108628785)",2579,214822,0.012005288098984275,0.023903533162792423,May-(Treat/Prevent)
News 100K,GloVe,single-term,"(0.0914007571660357, 0.0006705823650725786)",2579,214822,0.012005288098984275,0.023903533162792423,SemanticType
News 100K,GloVe,single-term,"(0.050505050505050504, 0.0003532695093086516)",2579,214822,0.012005288098984275,0.023903533162792423,Association
News 100K,GloVe,single-term,0.0039247623275435566,2579,214822,0.012005288098984275,0.023903533162792423,ConceptualSimilarityChoi
News 100K,word2vec,SE CUI,"(0.21052631578947367, 0.034482758620689655)",6275,161800,0.03878244746600742,0.05816001186371557,HumanAssessmentRelatednessCont
News 100K,word2vec,SE CUI,"(0.3346153846153846, 0.044722719141323794)",6275,161800,0.03878244746600742,0.05816001186371557,HumanAssessmentSimilarityCont
News 100K,word2vec,SE CUI,"(0.32636268941473195, 0.0891089108910891)",6275,161800,0.03878244746600742,0.05816001186371557,HumanAssessmentMayoSRS
News 100K,word2vec,SE CUI,"(0.22876949740034663, 0.0006840122500375689)",6275,161800,0.03878244746600742,0.05816001186371557,Causality
News 100K,word2vec,SE CUI,"(0.17391304347826086, 0.0006475635421725757)",6275,161800,0.03878244746600742,0.05816001186371557,May-(Treat/Prevent)
News 100K,word2vec,SE CUI,"(0.06827471362971187, 0.01721211740249011)",6275,161800,0.03878244746600742,0.05816001186371557,SemanticType
News 100K,word2vec,SE CUI,"(0.08058124174372523, 0.0021549440067827746)",6275,161800,0.03878244746600742,0.05816001186371557,Association
News 100K,word2vec,SE CUI,1.5361939319647593,6275,161800,0.03878244746600742,0.05816001186371557,ConceptualSimilarityChoi
News 100K,fastText,SE CUI,"(0.06244886956358509, 1.0)",6275,161800,0.03878244746600742,0.05816001186371557,HumanAssessmentRelatednessCont
News 100K,fastText,SE CUI,"(0.11945917894660693, 1.0)",6275,161800,0.03878244746600742,0.05816001186371557,HumanAssessmentSimilarityCont
News 100K,fastText,SE CUI,"(0.05720708179635708, 1.0)",6275,161800,0.03878244746600742,0.05816001186371557,HumanAssessmentMayoSRS
News 100K,fastText,SE CUI,"(0.19410745233968804, 0.0005803740303349069)",6275,161800,0.03878244746600742,0.05816001186371557,Causality
News 100K,fastText,SE CUI,"(0.08695652173913043, 0.00032378177108628785)",6275,161800,0.03878244746600742,0.05816001186371557,May-(Treat/Prevent)
News 100K,fastText,SE CUI,"(0.0688802543270929, 0.017364774763044346)",6275,161800,0.03878244746600742,0.05816001186371557,SemanticType
News 100K,fastText,SE CUI,"(0.035667107001321, 0.0009538276751333592)",6275,161800,0.03878244746600742,0.05816001186371557,Association
News 100K,fastText,SE CUI,1.6194014456486228,6275,161800,0.03878244746600742,0.05816001186371557,ConceptualSimilarityChoi
News 100K,GloVe,SE CUI,"(0.5773502691896258, 0.008620689655172414)",6275,161800,0.03878244746600742,0.05816001186371557,HumanAssessmentRelatednessCont
News 100K,GloVe,SE CUI,"(-0.041239304942116126, 0.014311270125223614)",6275,161800,0.03878244746600742,0.05816001186371557,HumanAssessmentSimilarityCont
News 100K,GloVe,SE CUI,"(0.0, 0.04950495049504951)",6275,161800,0.03878244746600742,0.05816001186371557,HumanAssessmentMayoSRS
News 100K,GloVe,SE CUI,"(0.3119584055459272, 0.0009327439773239575)",6275,161800,0.03878244746600742,0.05816001186371557,Causality
News 100K,GloVe,SE CUI,"(0.0, 0.0)",6275,161800,0.03878244746600742,0.05816001186371557,May-(Treat/Prevent)
News 100K,GloVe,SE CUI,"(0.3333442172347568, 0.08403638034431718)",6275,161800,0.03878244746600742,0.05816001186371557,SemanticType
News 100K,GloVe,SE CUI,"(0.2509907529722589, 0.00671212067686438)",6275,161800,0.03878244746600742,0.05816001186371557,Association
News 100K,GloVe,SE CUI,0.0,6275,161800,0.03878244746600742,0.05816001186371557,ConceptualSimilarityChoi
News 100K,word2vec,JCoRe,"(-0.12154150197628458, 0.039655172413793106)",2993,192451,0.015552010641669828,0.027740703666629594,HumanAssessmentRelatednessCont
News 100K,word2vec,JCoRe,"(0.21287408243929984, 0.03935599284436494)",2993,192451,0.015552010641669828,0.027740703666629594,HumanAssessmentSimilarityCont
News 100K,word2vec,JCoRe,"(0.2, 0.039603960396039604)",2993,192451,0.015552010641669828,0.027740703666629594,HumanAssessmentMayoSRS
News 100K,word2vec,JCoRe,"(0.045081967213114756, 5.700102083646407e-05)",2993,192451,0.015552010641669828,0.027740703666629594,Causality
News 100K,word2vec,JCoRe,"(0.06451612903225806, 0.00032378177108628785)",2993,192451,0.015552010641669828,0.027740703666629594,May-(Treat/Prevent)
News 100K,word2vec,JCoRe,"(0.05199468085106383, 0.000769967714525116)",2993,192451,0.015552010641669828,0.027740703666629594,SemanticType
News 100K,word2vec,JCoRe,"(0.08741258741258741, 0.0008831737732716289)",2993,192451,0.015552010641669828,0.027740703666629594,Association
News 100K,word2vec,JCoRe,0.03367191774719987,2993,192451,0.015552010641669828,0.027740703666629594,ConceptualSimilarityChoi
News 100K,fastText,JCoRe,"(0.06529761308216893, 1.0)",2993,192451,0.015552010641669828,0.027740703666629594,HumanAssessmentRelatednessCont
News 100K,fastText,JCoRe,"(0.0957439618915559, 1.0)",2993,192451,0.015552010641669828,0.027740703666629594,HumanAssessmentSimilarityCont
News 100K,fastText,JCoRe,"(-0.0888085782605269, 1.0)",2993,192451,0.015552010641669828,0.027740703666629594,HumanAssessmentMayoSRS
News 100K,fastText,JCoRe,"(0.21311475409836064, 0.00026945937122692105)",2993,192451,0.015552010641669828,0.027740703666629594,Causality
News 100K,fastText,JCoRe,"(0.06451612903225806, 0.00032378177108628785)",2993,192451,0.015552010641669828,0.027740703666629594,May-(Treat/Prevent)
News 100K,fastText,JCoRe,"(0.06841755319148936, 0.001013167235609136)",2993,192451,0.015552010641669828,0.027740703666629594,SemanticType
News 100K,fastText,JCoRe,"(0.09090909090909091, 0.0009185007242024941)",2993,192451,0.015552010641669828,0.027740703666629594,Association
News 100K,fastText,JCoRe,0.2807978645248768,2993,192451,0.015552010641669828,0.027740703666629594,ConceptualSimilarityChoi
News 100K,GloVe,JCoRe,"(-0.3705533596837945, 0.039655172413793106)",2993,192451,0.015552010641669828,0.027740703666629594,HumanAssessmentRelatednessCont
News 100K,GloVe,JCoRe,"(-0.22190852625635235, 0.03935599284436494)",2993,192451,0.015552010641669828,0.027740703666629594,HumanAssessmentSimilarityCont
News 100K,GloVe,JCoRe,"(0.4, 0.039603960396039604)",2993,192451,0.015552010641669828,0.027740703666629594,HumanAssessmentMayoSRS
News 100K,GloVe,JCoRe,"(0.14285714285714285, 7.22032087105951e-05)",2993,192451,0.015552010641669828,0.027740703666629594,Causality
News 100K,GloVe,JCoRe,"(0.06451612903225806, 0.00032378177108628785)",2993,192451,0.015552010641669828,0.027740703666629594,May-(Treat/Prevent)
News 100K,GloVe,JCoRe,"(0.08331117021276596, 0.0012337206474424174)",2993,192451,0.015552010641669828,0.027740703666629594,SemanticType
News 100K,GloVe,JCoRe,"(0.014678899082568808, 0.00019817677368212446)",2993,192451,0.015552010641669828,0.027740703666629594,Association
News 100K,GloVe,JCoRe,0.028630741202144868,2993,192451,0.015552010641669828,0.027740703666629594,ConceptualSimilarityChoi
News 500K,word2vec,multi-term,"(0.05784116739525742, 0.07758620689655173)",5347,956762,0.005588641689364753,0.04955881807733659,HumanAssessmentRelatednessCont
News 500K,word2vec,multi-term,"(0.16756384422627899, 0.08765652951699464)",5347,956762,0.005588641689364753,0.04955881807733659,HumanAssessmentSimilarityCont
News 500K,word2vec,multi-term,"(0.16840890833666378, 0.16831683168316833)",5347,956762,0.005588641689364753,0.04955881807733659,HumanAssessmentMayoSRS
News 500K,word2vec,multi-term,"(0.078125, 0.0001813668844796584)",5347,956762,0.005588641689364753,0.04955881807733659,Causality
News 500K,word2vec,multi-term,"(0.14473684210526316, 0.0035615994819491663)",5347,956762,0.005588641689364753,0.04955881807733659,May-(Treat/Prevent)
News 500K,word2vec,multi-term,"(0.07313239756749242, 0.005586246511481865)",5347,956762,0.005588641689364753,0.04955881807733659,SemanticType
News 500K,word2vec,multi-term,"(0.07228915662650602, 0.0021196170558519093)",5347,956762,0.005588641689364753,0.04955881807733659,Association
News 500K,word2vec,multi-term,0.10623044201494668,5347,956762,0.005588641689364753,0.04955881807733659,ConceptualSimilarityChoi
News 3M,word2vec,multi-term,"(0.06749977172225773, 0.22758620689655173)",8519,1329542,0.006407469639921116,0.07895858821784747,HumanAssessmentRelatednessCont
News 3M,word2vec,multi-term,"(-0.0023575539696506684, 0.25402504472271914)",8519,1329542,0.006407469639921116,0.07895858821784747,HumanAssessmentSimilarityCont
News 3M,word2vec,multi-term,"(0.13470481527692066, 0.25742574257425743)",8519,1329542,0.006407469639921116,0.07895858821784747,HumanAssessmentMayoSRS
News 3M,word2vec,multi-term,"(0.05450941526263627, 0.00028500510418232034)",8519,1329542,0.006407469639921116,0.07895858821784747,Causality
News 3M,word2vec,multi-term,"(0.0482897384305835, 0.003885381253035454)",8519,1329542,0.006407469639921116,0.07895858821784747,May-(Treat/Prevent)
News 3M,word2vec,multi-term,"(0.1192830376089214, 0.02976139069729369)",8519,1329542,0.006407469639921116,0.07895858821784747,SemanticType
News 3M,word2vec,multi-term,"(0.06020436343551505, 0.0038506376514643023)",8519,1329542,0.006407469639921116,0.07895858821784747,Association
News 3M,word2vec,multi-term,0.34491069141073094,8519,1329542,0.006407469639921116,0.07895858821784747,ConceptualSimilarityChoi
Choi et al. 2016 [Stanford],word2vec,UNK,"(0.43996695907989664, 0.853448275862069)",11229,22705,0.49456066945606697,0.10407629852074296,HumanAssessmentRelatednessCont
Choi et al. 2016 [Stanford],word2vec,UNK,"(0.5163970101310765, 0.8855098389982111)",11229,22705,0.49456066945606697,0.10407629852074296,HumanAssessmentSimilarityCont
Choi et al. 2016 [Stanford],word2vec,UNK,"(0.6463936050140789, 0.7227722772277227)",11229,22705,0.49456066945606697,0.10407629852074296,HumanAssessmentMayoSRS
Choi et al. 2016 [Stanford],word2vec,UNK,"(0.26473684210526316, 0.002606501225521948)",11229,22705,0.49456066945606697,0.10407629852074296,Causality
Choi et al. 2016 [Stanford],word2vec,UNK,"(0.37583376090302717, 0.23724696356275304)",11229,22705,0.49456066945606697,0.10407629852074296,May-(Treat/Prevent)
Choi et al. 2016 [Stanford],word2vec,UNK,"(0.08549918427936279, 0.07580798670624764)",11229,22705,0.49456066945606697,0.10407629852074296,SemanticType
Choi et al. 2016 [Stanford],word2vec,UNK,"(0.13744918699186992, 0.0382237609071961)",11229,22705,0.49456066945606697,0.10407629852074296,Association
Choi et al. 2016 [Stanford],word2vec,UNK,3.846878713880877,11229,22705,0.49456066945606697,0.10407629852074296,ConceptualSimilarityChoi
Choi et al. 2016 [Claims],word2vec,UNK,"(0.3852993722750835, 0.32068965517241377)",6019,14852,0.4052652841368166,0.05578726875023171,HumanAssessmentRelatednessCont
Choi et al. 2016 [Claims],word2vec,UNK,"(0.552105340862457, 0.3220035778175313)",6019,14852,0.4052652841368166,0.05578726875023171,HumanAssessmentSimilarityCont
Choi et al. 2016 [Claims],word2vec,UNK,"(0.8403658068160179, 0.0891089108910891)",6019,14852,0.4052652841368166,0.05578726875023171,HumanAssessmentMayoSRS
Choi et al. 2016 [Claims],word2vec,UNK,"(0.21052631578947367, 0.00033164230304851824)",6019,14852,0.4052652841368166,0.05578726875023171,Causality
Choi et al. 2016 [Claims],word2vec,UNK,"(0.4176809737347854, 0.1055699481865285)",6019,14852,0.4052652841368166,0.05578726875023171,May-(Treat/Prevent)
Choi et al. 2016 [Claims],word2vec,UNK,"(0.1594550134429284, 0.1356098821475971)",6019,14852,0.4052652841368166,0.05578726875023171,SemanticType
Choi et al. 2016 [Claims],word2vec,UNK,"(0.2565806966232385, 0.017045253824142438)",6019,14852,0.4052652841368166,0.05578726875023171,Association
Choi et al. 2016 [Claims],word2vec,UNK,5.281199959173975,6019,14852,0.4052652841368166,0.05578726875023171,ConceptualSimilarityChoi
De Vine et al. 2014,word2vec,UNK,"(0.41480690483473487, 0.7448275862068966)",21992,52102,0.4220951211085947,0.20383346309272235,HumanAssessmentRelatednessCont
De Vine et al. 2014,word2vec,UNK,"(0.4439022829577299, 0.7674418604651163)",21992,52102,0.4220951211085947,0.20383346309272235,HumanAssessmentSimilarityCont
De Vine et al. 2014,word2vec,UNK,"(0.6037326560467121, 0.8910891089108911)",21992,52102,0.4220951211085947,0.20383346309272235,HumanAssessmentMayoSRS
De Vine et al. 2014,word2vec,UNK,"(0.07570874528868739, 0.007182128625394473)",21992,52102,0.4220951211085947,0.20383346309272235,Causality
De Vine et al. 2014,word2vec,UNK,"(0.06020293122886133, 0.043231865284974094)",21992,52102,0.4220951211085947,0.20383346309272235,May-(Treat/Prevent)
De Vine et al. 2014,word2vec,UNK,"(0.08789780808684533, 0.07820620844187988)",21992,52102,0.4220951211085947,0.20383346309272235,SemanticType
De Vine et al. 2014,word2vec,UNK,"(0.025339105339105338, 0.007754265729324902)",21992,52102,0.4220951211085947,0.20383346309272235,Association
De Vine et al. 2014,word2vec,UNK,2.662333929301226,21992,52102,0.4220951211085947,0.20383346309272235,ConceptualSimilarityChoi
Beam et al. 2020,word2vec,UNK,"(0.4274903243577552, 0.8810344827586207)",27994,109053,0.2567008702190678,0.2594631668705743,HumanAssessmentRelatednessCont
Beam et al. 2020,word2vec,UNK,"(0.5083156565649788, 0.9159212880143113)",27994,109053,0.2567008702190678,0.2594631668705743,HumanAssessmentSimilarityCont
Beam et al. 2020,word2vec,UNK,"(0.6219578497414495, 0.900990099009901)",27994,109053,0.2567008702190678,0.2594631668705743,HumanAssessmentMayoSRS
Beam et al. 2020,word2vec,UNK,"(0.42418563853115904, 0.05513035097083102)",27994,109053,0.2567008702190678,0.2594631668705743,Causality
Beam et al. 2020,word2vec,UNK,"(0.643481797844214, 0.5123886639676113)",27994,109053,0.2567008702190678,0.2594631668705743,May-(Treat/Prevent)
Beam et al. 2020,word2vec,UNK,"(0.18617378249562525, 0.17104378244966975)",27994,109053,0.2567008702190678,0.2594631668705743,SemanticType
Beam et al. 2020,word2vec,UNK,"(0.298318303680234, 0.10810046984844739)",27994,109053,0.2567008702190678,0.2594631668705743,Association
Beam et al. 2020,word2vec,UNK,5.803666585729844,27994,109053,0.2567008702190678,0.2594631668705743,ConceptualSimilarityChoi
GGPONC,Flair,SE CUI,"(0.025880661395036413, 0.14310344827586208)",12877,91497,0.14073685476026537,0.11935083231379527,HumanAssessmentRelatednessCont
GGPONC,Flair,SE CUI,"(0.13207410654744473, 0.1592128801431127)",12877,91497,0.14073685476026537,0.11935083231379527,HumanAssessmentSimilarityCont
GGPONC,Flair,SE CUI,"(-0.048402343855843036, 0.3564356435643564)",12877,91497,0.14073685476026537,0.11935083231379527,HumanAssessmentMayoSRS
GGPONC,Flair,SE CUI,"(0.1989247311827957, 0.0015338456515993969)",12877,91497,0.14073685476026537,0.11935083231379527,Causality
GGPONC,Flair,SE CUI,"(0.08490566037735849, 0.011656143759106362)",12877,91497,0.14073685476026537,0.11935083231379527,May-(Treat/Prevent)
GGPONC,Flair,SE CUI,"(0.12532138166259021, 0.0995793393132105)",12877,91497,0.14073685476026537,0.11935083231379527,SemanticType
GGPONC,Flair,SE CUI,"(0.0741647465437788, 0.009096689864697778)",12877,91497,0.14073685476026537,0.11935083231379527,Association
GGPONC,Flair,SE CUI,3.9284251147141345,12877,91497,0.14073685476026537,0.11935083231379527,ConceptualSimilarityChoi
GerVec,Flair,SE CUI,"(0.23201289653478166, 0.2620689655172414)",16850,117302,0.1436463146408416,0.15617469321173025,HumanAssessmentRelatednessCont
GerVec,Flair,SE CUI,"(0.2694771083454807, 0.27549194991055453)",16850,117302,0.1436463146408416,0.15617469321173025,HumanAssessmentSimilarityCont
GerVec,Flair,SE CUI,"(0.14398466104824212, 0.4752475247524752)",16850,117302,0.1436463146408416,0.15617469321173025,HumanAssessmentMayoSRS
GerVec,Flair,SE CUI,"(0.2895198037153873, 0.004280258473719939)",16850,117302,0.1436463146408416,0.15617469321173025,Causality
GerVec,Flair,SE CUI,"(0.047038327526132406, 0.008742107819329771)",16850,117302,0.1436463146408416,0.15617469321173025,May-(Treat/Prevent)
GerVec,Flair,SE CUI,"(0.10589117270322675, 0.08771351290626431)",16850,117302,0.1436463146408416,0.15617469321173025,SemanticType
GerVec,Flair,SE CUI,"(0.07420218701182772, 0.011746211184512665)",16850,117302,0.1436463146408416,0.15617469321173025,Association
GerVec,Flair,SE CUI,3.4863440739317557,16850,117302,0.1436463146408416,0.15617469321173025,ConceptualSimilarityChoi
GerVec,Flair,SE CUI NF,"(0.06617077315137987, 0.2620689655172414)",16850,117302,0.1436463146408416,0.15617469321173025,HumanAssessmentRelatednessCont
GerVec,Flair,SE CUI NF,"(0.12322023386614162, 0.27549194991055453)",16850,117302,0.1436463146408416,0.15617469321173025,HumanAssessmentSimilarityCont
GerVec,Flair,SE CUI NF,"(-0.00010907928867291069, 0.4752475247524752)",16850,117302,0.1436463146408416,0.15617469321173025,HumanAssessmentMayoSRS
GerVec,Flair,SE CUI NF,"(0.2215212057483351, 0.0032749677426041177)",16850,117302,0.1436463146408416,0.15617469321173025,Causality
GerVec,Flair,SE CUI NF,"(0.08101045296167247, 0.015055852355512385)",16850,117302,0.1436463146408416,0.15617469321173025,May-(Treat/Prevent)
GerVec,Flair,SE CUI NF,"(0.1258927876549253, 0.10428157865173394)",16850,117302,0.1436463146408416,0.15617469321173025,SemanticType
GerVec,Flair,SE CUI NF,"(0.06572193706761884, 0.010403787049139789)",16850,117302,0.1436463146408416,0.15617469321173025,Association
GerVec,Flair,SE CUI NF,4.0385698189705534,16850,117302,0.1436463146408416,0.15617469321173025,ConceptualSimilarityChoi
GerVec,Flair,JCoRe,"(0.012505234409574831, 0.30517241379310345)",5803,101896,0.05695022375755673,0.05378526674822971,HumanAssessmentRelatednessCont
GerVec,Flair,JCoRe,"(0.011421637755719747, 0.3184257602862254)",5803,101896,0.05695022375755673,0.05378526674822971,HumanAssessmentSimilarityCont
GerVec,Flair,JCoRe,"(-0.20373262459960872, 0.3465346534653465)",5803,101896,0.05695022375755673,0.05378526674822971,HumanAssessmentMayoSRS
GerVec,Flair,JCoRe,"(0.041916167664670656, 0.00014509350758372673)",5803,101896,0.05695022375755673,0.05378526674822971,Causality
GerVec,Flair,JCoRe,"(0.05643564356435644, 0.009227780475959204)",5803,101896,0.05695022375755673,0.05378526674822971,May-(Treat/Prevent)
GerVec,Flair,JCoRe,"(0.06199715946826881, 0.020383139600117443)",5803,101896,0.05695022375755673,0.05378526674822971,SemanticType
GerVec,Flair,JCoRe,"(0.06660698299015219, 0.0065708128731409195)",5803,101896,0.05695022375755673,0.05378526674822971,Association
GerVec,Flair,JCoRe,0.8251924758166119,5803,101896,0.05695022375755673,0.05378526674822971,ConceptualSimilarityChoi
GerVec,BERT,SE CUI NF,"(0.11317273035602017, 0.2620689655172414)",16850,117288,0.14366346088261372,0.15617469321173025,HumanAssessmentRelatednessCont
GerVec,BERT,SE CUI NF,"(0.17943509136591185, 0.27549194991055453)",16850,117288,0.14366346088261372,0.15617469321173025,HumanAssessmentSimilarityCont
GerVec,BERT,SE CUI NF,"(-0.22884834763576664, 0.4752475247524752)",16850,117288,0.14366346088261372,0.15617469321173025,HumanAssessmentMayoSRS
GerVec,BERT,SE CUI NF,"(0.3434980722046968, 0.005078272765430435)",16850,117288,0.14366346088261372,0.15617469321173025,Causality
GerVec,BERT,SE CUI NF,"(0.004355400696864111, 0.0008094544277157196)",16850,117288,0.14366346088261372,0.15617469321173025,May-(Treat/Prevent)
GerVec,BERT,SE CUI NF,"(0.10969841090004763, 0.09086718689238586)",16850,117288,0.14366346088261372,0.15617469321173025,SemanticType
GerVec,BERT,SE CUI NF,"(0.024213345235438517, 0.0038329741759988694)",16850,117288,0.14366346088261372,0.15617469321173025,Association
GerVec,BERT,SE CUI NF,4.173815091629989,16850,117288,0.14366346088261372,0.15617469321173025,ConceptualSimilarityChoi
News 100K,Flair,SE CUI,"(0.23157894736842105, 0.034482758620689655)",6292,161331,0.03900056405774464,0.058317576836095356,HumanAssessmentRelatednessCont
News 100K,Flair,SE CUI,"(0.09769230769230769, 0.044722719141323794)",6292,161331,0.03900056405774464,0.058317576836095356,HumanAssessmentSimilarityCont
News 100K,Flair,SE CUI,"(-0.5857791861290061, 0.0891089108910891)",6292,161331,0.03900056405774464,0.058317576836095356,HumanAssessmentMayoSRS
News 100K,Flair,SE CUI,"(0.12131715771230503, 0.0003627337689593168)",6292,161331,0.03900056405774464,0.058317576836095356,Causality
News 100K,Flair,SE CUI,"(0.0, 0.0)",6292,161331,0.03900056405774464,0.058317576836095356,May-(Treat/Prevent)
News 100K,Flair,SE CUI,"(0.08087331054245048, 0.020524395352014772)",6292,161331,0.03900056405774464,0.058317576836095356,SemanticType
News 100K,Flair,SE CUI,"(0.057971014492753624, 0.001554385840958067)",6292,161331,0.03900056405774464,0.058317576836095356,Association
News 100K,Flair,SE CUI,1.6610989254510298,6292,161331,0.03900056405774464,0.058317576836095356,ConceptualSimilarityChoi
News 100K,Flair,SE CUI NF,"(0.4781954887218045, 0.034482758620689655)",6292,161331,0.03900056405774464,0.058317576836095356,HumanAssessmentRelatednessCont
News 100K,Flair,SE CUI NF,"(0.5407692307692308, 0.044722719141323794)",6292,161331,0.03900056405774464,0.058317576836095356,HumanAssessmentSimilarityCont
News 100K,Flair,SE CUI NF,"(-0.2008385781013735, 0.0891089108910891)",6292,161331,0.03900056405774464,0.058317576836095356,HumanAssessmentMayoSRS
News 100K,Flair,SE CUI NF,"(0.4194107452339688, 0.0012540224584022097)",6292,161331,0.03900056405774464,0.058317576836095356,Causality
News 100K,Flair,SE CUI NF,"(0.08695652173913043, 0.00032378177108628785)",6292,161331,0.03900056405774464,0.058317576836095356,May-(Treat/Prevent)
News 100K,Flair,SE CUI NF,"(0.13473001041476662, 0.034192392780585563)",6292,161331,0.03900056405774464,0.058317576836095356,SemanticType
News 100K,Flair,SE CUI NF,"(0.07444005270092227, 0.0019959727275938813)",6292,161331,0.03900056405774464,0.058317576836095356,Association
News 100K,Flair,SE CUI NF,2.636681181009245,6292,161331,0.03900056405774464,0.058317576836095356,ConceptualSimilarityChoi
News 100K,Flair,JCoRe,"(-0.2692307692307692, 0.04310344827586207)",3087,189671,0.0162755508222132,0.028611945278611946,HumanAssessmentRelatednessCont
News 100K,Flair,JCoRe,"(0.1442687747035573, 0.04114490161001789)",3087,189671,0.0162755508222132,0.028611945278611946,HumanAssessmentSimilarityCont
News 100K,Flair,JCoRe,"(-0.4, 0.039603960396039604)",3087,189671,0.0162755508222132,0.028611945278611946,HumanAssessmentMayoSRS
News 100K,Flair,JCoRe,"(0.1450381679389313, 0.0001969126174350577)",3087,189671,0.0162755508222132,0.028611945278611946,Causality
News 100K,Flair,JCoRe,"(0.06451612903225806, 0.00032378177108628785)",3087,189671,0.0162755508222132,0.028611945278611946,May-(Treat/Prevent)
News 100K,Flair,JCoRe,"(0.07501990672278466, 0.001295494546940315)",3087,189671,0.0162755508222132,0.028611945278611946,SemanticType
News 100K,Flair,JCoRe,"(0.07763975155279502, 0.0008831737732716289)",3087,189671,0.0162755508222132,0.028611945278611946,Association
News 100K,Flair,JCoRe,0.19898209578069928,3087,189671,0.0162755508222132,0.028611945278611946,ConceptualSimilarityChoi
News 100K,Flair,multi-term,"(0, 0.0)",0,155039,0.0,0.0,HumanAssessmentRelatednessCont
News 100K,Flair,multi-term,"(0, 0.0)",0,155039,0.0,0.0,HumanAssessmentSimilarityCont
News 100K,Flair,multi-term,"(0, 0.0)",0,155039,0.0,0.0,HumanAssessmentMayoSRS
News 100K,Flair,multi-term,"(0, 0.0)",0,155039,0.0,0.0,Causality
News 100K,Flair,multi-term,"(0, 0.0)",0,155039,0.0,0.0,May-(Treat/Prevent)
News 100K,Flair,multi-term,"(0, 0.0)",0,155039,0.0,0.0,SemanticType
News 100K,Flair,multi-term,"(0, 0.0)",0,155039,0.0,0.0,Association
News 100K,Flair,multi-term,0.0,0,155039,0.0,0.0,ConceptualSimilarityChoi
News 100K,BERT,SE CUI NF,"(0.362406015037594, 0.034482758620689655)",6290,161258,0.039005816765679845,0.05829903978052126,HumanAssessmentRelatednessCont
News 100K,BERT,SE CUI NF,"(0.5846153846153845, 0.044722719141323794)",6290,161258,0.039005816765679845,0.05829903978052126,HumanAssessmentSimilarityCont
News 100K,BERT,SE CUI NF,"(-0.25941649671427414, 0.0891089108910891)",6290,161258,0.039005816765679845,0.05829903978052126,HumanAssessmentMayoSRS
News 100K,BERT,SE CUI NF,"(0.41421143847487, 0.0012384767254468103)",6290,161258,0.039005816765679845,0.05829903978052126,Causality
News 100K,BERT,SE CUI NF,"(0.0, 0.0)",6290,161258,0.039005816765679845,0.05829903978052126,May-(Treat/Prevent)
News 100K,BERT,SE CUI NF,"(0.15238509923448523, 0.038672981252608575)",6290,161258,0.039005816765679845,0.05829903978052126,SemanticType
News 100K,BERT,SE CUI NF,"(0.045454545454545456, 0.001218779807114848)",6290,161258,0.039005816765679845,0.05829903978052126,Association
News 100K,BERT,SE CUI NF,3.034500421509281,6290,161258,0.039005816765679845,0.05829903978052126,ConceptualSimilarityChoi
